id,name,slug,province_id,county_id,district_id
10000001001101,اراک,اراک,100,10000001,100000010002
10000001001600,کارچان,کارچان,100,10000001,100000010004
10000001001678,اراک 1,اراک-1,100,10000001,100000010002
10000001001679,اراک 2,اراک-2,100,10000001,100000010002
10000001001680,اراک 3,اراک-3,100,10000001,100000010002
10000001002074,ساروق,ساروق,100,10000001,100000010003
10000001002536,داودآباد,داودآباد,100,10000001,100000010002
10000001002858,اراک 4,اراک-4,100,10000001,100000010002
10000001002859,اراک 5,اراک-5,100,10000001,100000010002
10000002001103,آشتیان,آشتیان,100,10000002,100000020001
10000003001104,تفرش,تفرش,100,10000003,100000030002
10000004001105,خمین,خمین,100,10000004,100000040001
10000004002541,قورچی باشی,قورچی-باشی,100,10000004,100000040002
10000005001106,دلیجان,دلیجان,100,10000005,100000050001
10000005001107,نراق,نراق,100,10000005,100000050001
10000006001110,ساوه,ساوه,100,10000006,100000060003
10000006001111,غرق آباد,غرق-آباد,100,10000006,100000060004
10000006002137,نوبران,نوبران,100,10000006,100000060004
10000006002827,آوه,آوه,100,10000006,100000060003
10000006002860,ساوه  1,ساوه-1,100,10000006,100000060003
10000006002861,ساوه  2,ساوه-2,100,10000006,100000060003
10000007001112,آستانه,آستانه,100,10000007,100000070001
10000007001113,شازند,شازند,100,10000007,100000070001
10000007002032,مهاجران,مهاجران,100,10000007,100000070005
10000007002380,هندودر,هندودر,100,10000007,100000070002
10000007002582,توره,توره,100,10000007,100000070003
10000007002774,شهباز,شهباز,100,10000007,100000070004
10000009001115,محلات,محلات,100,10000009,100000090001
10000009001116,نیمور,نیمور,100,10000009,100000090001
10000010001108,زاویه,زاویه,100,10000010,100000100003
10000010001109,مامونیه,مامونیه,100,10000010,100000100002
10000010002017,خشکرود,خشکرود,100,10000010,100000100002
10000010002228,پرندک,پرندک,100,10000010,100000100002
10000010002378,رازقان,رازقان,100,10000010,100000100001
10000011001102,کمیجان,کمیجان,100,10000011,100000110001
10000011002379,میلاجرد,میلاجرد,100,10000011,100000110002
10000012002073,جاورسیان,جاورسیان,100,10000012,100000120001
10000012002304,خنداب,خنداب,100,10000012,100000120002
10000013002136,فرمهین,فرمهین,100,10000013,100000130001
10000013002773,خنجین,خنجین,100,10000013,100000130002
10000013002941,تلخاب,تلخاب,100,10000013,100000130002
10100001001117,آستارا,آستارا,101,10100001,101000010001
10100001002583,لوندویل,لوندویل,101,10100001,101000010002
10100002001118,کیاشهر,کیاشهر,101,10100002,101000020001
10100002001119,آستانه اشرفیه,آستانه-اشرفیه,101,10100002,101000020002
10100003001120,بندرانزلی,بندرانزلی,101,10100003,101000030001
10100003002538,بندرانزلی 1,بندرانزلی-1,101,10100003,101000030001
10100003002539,بندرانزلی 2,بندرانزلی-2,101,10100003,101000030001
10100004001124,هشتپر (تالش),هشتپر-تالش,101,10100004,101000040003
10100004002381,لیسار,لیسار,101,10100004,101000040004
10100004002382,اسالم,اسالم,101,10100004,101000040005
10100004002584,حویق,حویق,101,10100004,101000040006
10100004002585,چوبر,چوبر,101,10100004,101000040006
10100005001007,پیربازار,پیربازار,101,10100005,101000050005
10100005001125,خشکبیجار,خشکبیجار,101,10100005,101000050006
10100005001127,کوچصفهان,کوچصفهان,101,10100005,101000050003
10100005001128,لشت نشاء,لشت-نشاء,101,10100005,101000050004
10100005001129,رشت,رشت,101,10100005,101000050005
10100005001130,سنگر,سنگر,101,10100005,101000050002
10100005001654,رشت 1,رشت-1,101,10100005,101000050005
10100005001655,رشت 2,رشت-2,101,10100005,101000050005
10100005001656,رشت 3,رشت-3,101,10100005,101000050005
10100005002075,لولمان,لولمان,101,10100005,101000050003
10100005002098,رشت 4,رشت-4,101,10100005,101000050005
10100005002099,رشت 5,رشت-5,101,10100005,101000050005
10100006001131,لوشان,لوشان,101,10100006,101000060005
10100006001132,رودبار,رودبار,101,10100006,101000060003
10100006001133,منجیل,منجیل,101,10100006,101000060003
10100006002138,جیرنده,جیرنده,101,10100006,101000060002
10100006002139,رستم آباد,رستم-آباد,101,10100006,101000060003
10100006002229,توتکابن,توتکابن,101,10100006,101000060001
10100006002383,بره سر,بره-سر,101,10100006,101000060004
10100007001135,چابکسر,چابکسر,101,10100007,101000070004
10100007001136,رحیم آباد,رحیم-آباد,101,10100007,101000070002
10100007001137,رودسر,رودسر,101,10100007,101000070003
10100007001138,کلاچای,کلاچای,101,10100007,101000070005
10100007001139,واجارگاه,واجارگاه,101,10100007,101000070005
10100008001058,طاهرگوراب,طاهرگوراب,101,10100008,101000080004
10100008001059,ضیابر,ضیابر,101,10100008,101000080005
10100008001140,صومعه سرا,صومعه-سرا,101,10100008,101000080002
10100008002140,مرجقل,مرجقل,101,10100008,101000080001
10100008002328,گوراب زرمیخ,گوراب-زرمیخ,101,10100008,101000080003
10100009001142,فومن,فومن,101,10100009,101000090002
10100009001143,ماسوله,ماسوله,101,10100009,101000090003
10100009002804,ماکلوان,ماکلوان,101,10100009,101000090003
10100010001144,کومله,کومله,101,10100010,101000100003
10100010001145,لنگرود,لنگرود,101,10100010,101000100001
10100010002076,چاف و چمخاله,چاف-و-چمخاله,101,10100010,101000100001
10100010002141,شلمان,شلمان,101,10100010,101000100003
10100010002385,اطاقور,اطاقور,101,10100010,101000100002
10100011001147,لاهیجان,لاهیجان,101,10100011,101000110002
10100011002386,رودبنه,رودبنه,101,10100011,101000110004
10100012001141,شفت,شفت,101,10100012,101000120002
10100012002387,احمد سرگوراب,احمد-سرگوراب,101,10100012,101000120001
10100013001134,املش,املش,101,10100013,101000130002
10100013002519,رانکوه,رانکوه,101,10100013,101000130001
10100014001121,پره سر,پره-سر,101,10100014,101000140001
10100014001122,رضوانشهر,رضوانشهر,101,10100014,101000140002
10100015001146,سیاهکل,سیاهکل,101,10100015,101000150002
10100015002329,دیلمان,دیلمان,101,10100015,101000150001
10100016001123,ماسال,ماسال,101,10100016,101000160002
10100016002510,بازار جمعه,بازار-جمعه,101,10100016,101000160001
10100017001060,چوکام,چوکام,101,10100017,101000170002
10100017001126,خمام,خمام,101,10100017,101000170001
10200001001148,رینه,رینه,102,10200001,102000010001
10200001001149,آمل,آمل,102,10200001,102000010002
10200001002388,گزنک,گزنک,102,10200001,102000010001
10200001002586,دابودشت,دابودشت,102,10200001,102000010003
10200001002772,امامزاده عبدالله,امامزاده-عبدالله,102,10200001,102000010004
10200001002875,بابکان,بابکان,102,10200001,102000010005
10200002001153,امیرکلا,امیرکلا,102,10200002,102000020002
10200002001154,بابل,بابل,102,10200002,102000020002
10200002002389,خوش رودپی,خوش-رودپی,102,10200002,102000020001
10200002002390,گلوگاه,گلوگاه,102,10200002,102000020003
10200002002391,مرزیکلا,مرزیکلا,102,10200002,102000020004
10200002002392,زرگر,زرگر,102,10200002,102000020005
10200002002587,گتاب,گتاب,102,10200002,102000020006
10200002002743,بابل 1,بابل-1,102,10200002,102000020002
10200002002744,بابل 2,بابل-2,102,10200002,102000020002
10200004001158,بهشهر,بهشهر,102,10200004,102000040002
10200004001159,رستمکلا,رستمکلا,102,10200004,102000040002
10200004002647,خلیل شهر,خلیل-شهر,102,10200004,102000040002
10200005001100,شیرود,شیرود,102,10200005,102000050002
10200005001161,تنکابن,تنکابن,102,10200005,102000050002
10200005001162,خرم آباد,خرم-آباد,102,10200005,102000050004
10200005001166,نشتارود,نشتارود,102,10200005,102000050003
10200006001069,دالخانی,دالخانی,102,10200006,102000060002
10200006001167,رامسر,رامسر,102,10200006,102000060001
10200006001168,کتالم و سادات شهر,کتالم-و-سادات-شهر,102,10200006,102000060001
10200007001006,اکند,اکند,102,10200007,102000070006
10200007001169,ساری,ساری,102,10200007,102000070003
10200007002170,کیاسر,کیاسر,102,10200007,102000070001
10200007002588,فریم,فریم,102,10200007,102000070002
10200007002740,ساری 1,ساری-1,102,10200007,102000070003
10200007002741,ساری 2,ساری-2,102,10200007,102000070003
10200007002742,ساری 3,ساری-3,102,10200007,102000070003
10200007002746,پایین هولار,پایین-هولار,102,10200007,102000070005
10200007002874,فرح آباد,فرح-آباد,102,10200007,102000070007
10200008001170,آلاشت,آلاشت,102,10200008,102000080002
10200008001171,پل سفید,پل-سفید,102,10200008,102000080002
10200008001172,زیرآب,زیرآب,102,10200008,102000080003
10200010001176,قایم شهر,قایم-شهر,102,10200010,102000100002
10200010002747,ارطه,ارطه,102,10200010,102000100002
10200014001189,نور,نور,102,10200014,102000140003
10200014001193,رویان,رویان,102,10200014,102000140003
10200014002119,چمستان,چمستان,102,10200014,102000140002
10200014002396,بلده,بلده,102,10200014,102000140001
10200014002648,ایزدشهر,ایزدشهر,102,10200014,102000140003
10200015001194,نوشهر,نوشهر,102,10200015,102000150004
10200015002713,پول,پول,102,10200015,102000150002
10200015002779,کجور,کجور,102,10200015,102000150002
10200016001151,بابلسر,بابلسر,102,10200016,102000160002
10200016002393,بهنمیر,بهنمیر,102,10200016,102000160003
10200016002394,هادی شهر,هادی-شهر,102,10200016,102000160004
10200018001150,محمودآباد,محمودآباد,102,10200018,102000180002
10200018002395,سرخرود,سرخرود,102,10200018,102000180001
10200019001160,نکا,نکا,102,10200019,102000190001
10200020001190,چالوس,چالوس,102,10200020,102000200002
10200020001192,مرزن آباد,مرزن-آباد,102,10200020,102000200003
10200020002748,هچیرود,هچیرود,102,10200020,102000200002
10200021001093,لاریم,لاریم,102,10200021,102000210003
10200021001175,جویبار,جویبار,102,10200021,102000210002
10200021002397,کوهی خیل,کوهی-خیل,102,10200021,102000210001
10200022001157,گلوگاه,گلوگاه,102,10200022,102000220002
10200023001039,آستانه سرا,آستانه-سرا,102,10200023,102000230001
10200023001152,فریدونکنار,فریدونکنار,102,10200023,102000230002
10200024001163,سلمان شهر,سلمان-شهر,102,10200024,102000240002
10200024001164,عباس آباد,عباس-آباد,102,10200024,102000240001
10200024001165,کلارآباد,کلارآباد,102,10200024,102000240003
10200025002305,سورک,سورک,102,10200025,102000250001
10200025002931,طبقده,طبقده,102,10200025,102000250002
10200026001177,کیاکلا,کیاکلا,102,10200026,102000260001
10200027001173,شیرگاه,شیرگاه,102,10200027,102000270001
10200028001191,کلاردشت,کلاردشت,102,10200028,102000280001
10300002001200,اهر,اهر,103,10300002,103000020002
10300003001067,اسفهلان,اسفهلان,103,10300003,103000030004
10300003001068,لاهیجان,لاهیجان,103,10300003,103000030004
10300003001206,خسروشاه,خسروشاه,103,10300003,103000030004
10300003001213,باسمنج,باسمنج,103,10300003,103000030005
10300003001214,تبریز,تبریز,103,10300003,103000030003
10300003001215,سردرود,سردرود,103,10300003,103000030003
10300003001621,تبریز 1,تبریز-1,103,10300003,103000030003
10300003001622,تبریز 2,تبریز-2,103,10300003,103000030003
10300003001623,تبریز 3,تبریز-3,103,10300003,103000030003
10300003001624,تبریز 4,تبریز-4,103,10300003,103000030003
10300003001651,تبریز 5,تبریز-5,103,10300003,103000030003
10300003001652,تبریز 6,تبریز-6,103,10300003,103000030003
10300003001653,تبریز 7,تبریز-7,103,10300003,103000030003
10300003002071,تبریز  9,تبریز-9,103,10300003,103000030003
10300003002072,تبریز  10,تبریز-10,103,10300003,103000030003
10300003002521,تبریز 8,تبریز-8,103,10300003,103000030003
10300005001216,مهربان,مهربان,103,10300005,103000050002
10300005001220,سراب,سراب,103,10300005,103000050001
10300005002330,شربیان,شربیان,103,10300005,103000050002
10300005002399,دوزدوزان,دوزدوزان,103,10300005,103000050002
10300006001223,مراغه,مراغه,103,10300006,103000060002
10300006001649,مراغه 1,مراغه-1,103,10300006,103000060002
10300006001650,مراغه 2,مراغه-2,103,10300006,103000060002
10300006002331,خداجو(خراجو),خداجوخراجو,103,10300006,103000060003
10300007001026,دیزج حسین بیگ,دیزج-حسین-بیگ,103,10300007,103000070004
10300007001227,زنوز,زنوز,103,10300007,103000070002
10300007001228,مرند,مرند,103,10300007,103000070002
10300007002143,کشکسرای,کشکسرای,103,10300007,103000070004
10300007002400,یامچی,یامچی,103,10300007,103000070003
10300007002589,بناب مرند,بناب-مرند,103,10300007,103000070002
10300010001233,میانه,میانه,103,10300010,103000100004
10300010002401,آقکند,آقکند,103,10300010,103000100002
10300010002402,ترک,ترک,103,10300010,103000100003
10300010002842,اچاچی,اچاچی,103,10300010,103000100004
10300011001234,هشترود,هشترود,103,10300011,103000110002
10300011002590,نظرکهریزی,نظرکهریزی,103,10300011,103000110003
10300012001221,بناب,بناب,103,10300012,103000120001
10300012002934,خوشه مهر,خوشه-مهر,103,10300012,103000120001
10300013001025,کردکندی,کردکندی,103,10300013,103000130002
10300013001207,بستان آباد,بستان-آباد,103,10300013,103000130002
10300013002295,تیکمه داش,تیکمه-داش,103,10300013,103000130001
10300014001083,نظرلو,نظرلو,103,10300014,103000140001
10300014001208,تسوج,تسوج,103,10300014,103000140003
10300014001209,خامنه,خامنه,103,10300014,103000140002
10300014001210,شبستر,شبستر,103,10300014,103000140002
10300014001211,شرفخانه,شرفخانه,103,10300014,103000140002
10300014001212,صوفیان,صوفیان,103,10300014,103000140001
10300014002101,شندآباد,شندآباد,103,10300014,103000140002
10300014002148,سیس,سیس,103,10300014,103000140002
10300014002149,وایقان,وایقان,103,10300014,103000140002
10300014002544,کوزه کنان,کوزه-کنان,103,10300014,103000140002
10300014002946,داریان,داریان,103,10300014,103000140002
10300014002947,علیشاه,علیشاه,103,10300014,103000140002
10300015001199,کلیبر,کلیبر,103,10300015,103000150002
10300015002545,آبش احمد,آبش-احمد,103,10300015,103000150003
10300016001217,هریس,هریس,103,10300016,103000160002
10300016002146,خواجه,خواجه,103,10300016,103000160001
10300016002147,زرنق,زرنق,103,10300016,103000160002
10300016002230,بخشایش,بخشایش,103,10300016,103000160002
10300016002333,کلوانق,کلوانق,103,10300016,103000160002
10300016002935,اربطان,اربطان,103,10300016,103000160001
10300019001225,جلفا,جلفا,103,10300019,103000190002
10300019001226,هادیشهر,هادیشهر,103,10300019,103000190002
10300019002497,سیه رود,سیه-رود,103,10300019,103000190001
10300020001224,ملکان,ملکان,103,10300020,103000200002
10300020002844,مبارک شهر,مبارک-شهر,103,10300020,103000200002
10300021001201,آذرشهر,آذرشهر,103,10300021,103000210003
10300021001202,گوگان,گوگان,103,10300021,103000210001
10300021001203,ممقان,ممقان,103,10300021,103000210002
10300021002763,تیمورلو,تیمورلو,103,10300021,103000210001
10300022001204,اسکو,اسکو,103,10300022,103000220002
10300022001205,ایلخچی,ایلخچی,103,10300022,103000220001
10300022002033,سهند,سهند,103,10300022,103000220002
10300023002145,قره آغاج,قره-آغاج,103,10300023,103000230002
10300024002142,ورزقان,ورزقان,103,10300024,103000240002
10300024002398,خاروانا,خاروانا,103,10300024,103000240001
10300025001222,عجب شیر,عجب-شیر,103,10300025,103000250002
10300025002843,جوان قلعه,جوان-قلعه,103,10300025,103000250001
10300026002332,خمارلو,خمارلو,103,10300026,103000260001
10300026002944,عاشقلو,عاشقلو,103,10300026,103000260003
10300026002945,لاریجان,لاریجان,103,10300026,103000260002
10300027002294,هوراند,هوراند,103,10300027,103000270001
10300028002296,لیلان,لیلان,103,10300028,103000280001
10300029002144,ترکمانچای,ترکمانچای,103,10300029,103000290001
10400001001235,ارومیه,ارومیه,104,10400001,104000010004
10400001002150,قوشچی,قوشچی,104,10400001,104000010001
10400001002151,نوشین,نوشین,104,10400001,104000010005
10400001002403,سیلوانه,سیلوانه,104,10400001,104000010002
10400001002404,سرو,سرو,104,10400001,104000010003
10400001002528,ارومیه 1,ارومیه-1,104,10400001,104000010004
10400001002529,ارومیه 2,ارومیه-2,104,10400001,104000010004
10400001002530,ارومیه 3,ارومیه-3,104,10400001,104000010004
10400001002531,ارومیه 4,ارومیه-4,104,10400001,104000010004
10400001002853,ارومیه 5,ارومیه-5,104,10400001,104000010004
10400002001236,پیرانشهر,پیرانشهر,104,10400002,104000020001
10400002002546,لاجان,لاجان,104,10400002,104000020002
10400003001238,خوی,خوی,104,10400003,104000030002
10400003001239,فیرورق,فیرورق,104,10400003,104000030006
10400003002043,دیزج دیز,دیزج-دیز,104,10400003,104000030002
10400003002044,قطور,قطور,104,10400003,104000030005
10400003002405,ایواوغلی,ایواوغلی,104,10400003,104000030004
10400003002735,زرآباد,زرآباد,104,10400003,104000030003
10400004001240,سردشت,سردشت,104,10400004,104000040001
10400004002547,ربط,ربط,104,10400004,104000040003
10400004002922,نلاس,نلاس,104,10400004,104000040003
10400005001241,تازه شهر,تازه-شهر,104,10400005,104000050001
10400005001242,سلماس,سلماس,104,10400005,104000050001
10400006001246,ماکو,ماکو,104,10400006,104000060004
10400006002231,بازرگان,بازرگان,104,10400006,104000060005
10400007001248,مهاباد,مهاباد,104,10400007,104000070002
10400007002734,خلیفان,خلیفان,104,10400007,104000070001
10400007002869,گوگ تپه,گوگ-تپه,104,10400007,104000070002
10400008001005,بکتاش,بکتاش,104,10400008,104000080006
10400008001251,میاندوآب,میاندوآب,104,10400008,104000080003
10400009001253,محمدیار,محمدیار,104,10400009,104000090003
10400009001254,نقده,نقده,104,10400009,104000090002
10400010001247,بوکان,بوکان,104,10400010,104000100002
10400010002548,سیمینه,سیمینه,104,10400010,104000100001
10400011001250,شاهین دژ,شاهین-دژ,104,10400011,104000110001
10400011002407,کشاورز,کشاورز,104,10400011,104000110002
10400011002591,محمودآباد,محمودآباد,104,10400011,104000110001
10400012001249,تکاب,تکاب,104,10400012,104000120001
10400012002926,تخت سلیمان,تخت-سلیمان,104,10400012,104000120002
10400013001252,اشنویه,اشنویه,104,10400013,104000130001
10400013002408,نالوس,نالوس,104,10400013,104000130002
10400014001245,سیه چشمه,سیه-چشمه,104,10400014,104000140002
10400014002549,آواجیق,آواجیق,104,10400014,104000140001
10400015001243,پلدشت,پلدشت,104,10400015,104000150002
10400015002733,نازک علیا,نازک-علیا,104,10400015,104000150001
10400016001237,قره ضیاءالدین,قره-ضیاءالدین,104,10400016,104000160002
10400016002879,حاجیلار,حاجیلار,104,10400016,104000160001
10400017001244,شوط,شوط,104,10400017,104000170002
10400017002736,مرگنلر,مرگنلر,104,10400017,104000170001
10400017002899,یولاگلدی,یولاگلدی,104,10400017,104000170002
10400018002232,چهاربرج,چهاربرج,104,10400018,104000180001
10400019002592,باروق,باروق,104,10400019,104000190001
10400020002406,میرآباد,میرآباد,104,10400020,104000200001
10500001001256,اسلام آبادغرب,اسلام-آبادغرب,105,10500001,105000010003
10500001002411,حمیل,حمیل,105,10500001,105000010001
10500002001258,کرمانشاه,کرمانشاه,105,10500002,105000020004
10500002001666,کرمانشاه 1,کرمانشاه-1,105,10500002,105000020004
10500002001667,کرمانشاه 2,کرمانشاه-2,105,10500002,105000020004
10500002001668,کرمانشاه 3,کرمانشاه-3,105,10500002,105000020004
10500002001669,کرمانشاه 4,کرمانشاه-4,105,10500002,105000020004
10500002001670,کرمانشاه 5,کرمانشاه-5,105,10500002,105000020004
10500002001671,کرمانشاه 6,کرمانشاه-6,105,10500002,105000020004
10500002002196,رباط,رباط,105,10500002,105000020006
10500002002410,هلشی,هلشی,105,10500002,105000020003
10500002002412,کوزران,کوزران,105,10500002,105000020007
10500002002856,کرمانشاه 7,کرمانشاه-7,105,10500002,105000020004
10500002002857,کرمانشاه 8,کرمانشاه-8,105,10500002,105000020004
10500002002896,قلعه,قلعه,105,10500002,105000020008
10500003001261,پاوه,پاوه,105,10500003,105000030002
10500003001262,نودشه,نودشه,105,10500003,105000030003
10500003001263,نوسود,نوسود,105,10500003,105000030003
10500003002103,باینگان,باینگان,105,10500003,105000030001
10500003002761,بانوره,بانوره,105,10500003,105000030001
10500004001264,سرپل ذهاب,سرپل-ذهاب,105,10500004,105000040001
10500005001265,سنقر,سنقر,105,10500005,105000050001
10500005002594,سطر,سطر,105,10500005,105000050002
10500006001266,قصرشیرین,قصرشیرین,105,10500006,105000060002
10500006002197,سومار,سومار,105,10500006,105000060001
10500007001267,کنگاور,کنگاور,105,10500007,105000070001
10500007002834,گودین,گودین,105,10500007,105000070001
10500008001268,گیلانغرب,گیلانغرب,105,10500008,105000080001
10500008002413,سرمست,سرمست,105,10500008,105000080002
10500009001260,جوانرود,جوانرود,105,10500009,105000090003
10500009002900,شروینه,شروینه,105,10500009,105000090004
10500010001257,صحنه,صحنه,105,10500010,105000100002
10500010002414,دینور,دینور,105,10500010,105000100001
10500011001259,هرسین,هرسین,105,10500011,105000110002
10500011002233,بیستون,بیستون,105,10500011,105000110001
10500012002185,تازه آباد,تازه-آباد,105,10500012,105000120001
10500012002593,ازگله,ازگله,105,10500012,105000120002
10500012002977,میرآباد,میرآباد,105,10500012,105000120003
10500013001255,کرند,کرند,105,10500013,105000130002
10500013002409,گهواره,گهواره,105,10500013,105000130001
10500013002760,ریجاب,ریجاب,105,10500013,105000130002
10500014002034,شاهو,شاهو,105,10500014,105000140001
10500014002102,روانسر,روانسر,105,10500014,105000140002
10600001001269,اروندکنار,اروندکنار,106,10600001,106000010001
10600001001270,آبادان,آبادان,106,10600001,106000010002
10600001001687,آبادان 1,آبادان-1,106,10600001,106000010002
10600001001688,آبادان 2,آبادان-2,106,10600001,106000010002
10600001002010,چویبده,چویبده,106,10600001,106000010002
10600001002855,آبادان 3,آبادان-3,106,10600001,106000010002
10600002001271,اندیمشک,اندیمشک,106,10600002,106000020002
10600002002595,حسینیه,حسینیه,106,10600002,106000020001
10600002002801,آزادی,آزادی,106,10600002,106000020002
10600002002802,چم گلک,چم-گلک,106,10600002,106000020002
10600002002803,بیدروبه,بیدروبه,106,10600002,106000020001
10600003001272,اهواز,اهواز,106,10600003,106000030002
10600003001625,اهواز 1,اهواز-1,106,10600003,106000030002
10600003001626,اهواز 2,اهواز-2,106,10600003,106000030002
10600003001684,اهواز 3,اهواز-3,106,10600003,106000030002
10600003001685,اهواز 4,اهواز-4,106,10600003,106000030002
10600003001686,اهواز 5,اهواز-5,106,10600003,106000030002
10600003002668,اهواز 6,اهواز-6,106,10600003,106000030002
10600003002669,اهواز 7,اهواز-7,106,10600003,106000030002
10600003002670,اهواز 8,اهواز-8,106,10600003,106000030002
10600003002791,الهایی,الهایی,106,10600003,106000030002
10600004001274,ایذه,ایذه,106,10600004,106000040003
10600005001275,بندر امام خمینی,بندر-امام-خمینی,106,10600005,106000050001
10600005001276,بندر ماهشهر,بندر-ماهشهر,106,10600005,106000050002
10600005002311,چمران,چمران,106,10600005,106000050002
10600006001279,بهبهان,بهبهان,106,10600006,106000060003
10600006002500,سردشت,سردشت,106,10600006,106000060002
10600006002797,منصوریه,منصوریه,106,10600006,106000060003
10600006002798,تشان,تشان,106,10600006,106000060004
10600007001280,خرمشهر,خرمشهر,106,10600007,106000070001
10600007002312,مینوشهر,مینوشهر,106,10600007,106000070002
10600007002334,مقاومت,مقاومت,106,10600007,106000070001
10600008001282,دزفول,دزفول,106,10600008,106000080002
10600008001689,دزفول 1,دزفول-1,106,10600008,106000080002
10600008001690,دزفول 2,دزفول-2,106,10600008,106000080002
10600008002035,حمزه,حمزه,106,10600008,106000080001
10600008002100,شمس آباد,شمس-آباد,106,10600008,106000080002
10600008002416,سالند,سالند,106,10600008,106000080001
10600008002417,شهر امام,شهر-امام,106,10600008,106000080002
10600008002418,صفی آباد,صفی-آباد,106,10600008,106000080002
10600008002419,میانرود,میانرود,106,10600008,106000080002
10600008002717,چغامیش,چغامیش,106,10600008,106000080003
10600008002800,سیاه منصور,سیاه-منصور,106,10600008,106000080002
10600008002865,دزفول 3,دزفول-3,106,10600008,106000080002
10600008002927,شهیون,شهیون,106,10600008,106000080004
10600008002967,منتظران,منتظران,106,10600008,106000080002
10600008002983,جندی شاپور,جندی-شاپور,106,10600008,106000080003
10600009001283,بستان,بستان,106,10600009,106000090001
10600009001284,سوسنگرد,سوسنگرد,106,10600009,106000090002
10600009002795,کوت سیدنعیم,کوت-سیدنعیم,106,10600009,106000090002
10600009002796,ابوحمیظه,ابوحمیظه,106,10600009,106000090002
10600010001004,باوج,باوج,106,10600010,106000100005
10600010001287,رامهرمز,رامهرمز,106,10600010,106000100002
10600010002921,سلطان آباد,سلطان-آباد,106,10600010,106000100004
10600010002929,رود زرد ماشین,رود-زرد-ماشین,106,10600010,106000100003
10600011001288,شادگان,شادگان,106,10600011,106000110001
10600011002008,دارخوین,دارخوین,106,10600011,106000110003
10600011002794,خنافره,خنافره,106,10600011,106000110002
10600012001290,شوشتر,شوشتر,106,10600012,106000120002
10600012002036,شرافت,شرافت,106,10600012,106000120002
10600012002714,گوریه,گوریه,106,10600012,106000120003
10600012002792,سرداران,سرداران,106,10600012,106000120002
10600012002968,عرب حسن,عرب-حسن,106,10600012,106000120004
10600013001291,مسجدسلیمان,مسجدسلیمان,106,10600013,106000130003
10600013002671,مسجدسلیمان 1,مسجدسلیمان-1,106,10600013,106000130003
10600013002672,مسجدسلیمان 2,مسجدسلیمان-2,106,10600013,106000130003
10600013002793,گلگیر,گلگیر,106,10600013,106000130004
10600013002930,عنبر,عنبر,106,10600013,106000130005
10600014001281,شوش,شوش,106,10600014,106000140002
10600014002649,حر,حر,106,10600014,106000140002
10600014002718,فتح المبین,فتح-المبین,106,10600014,106000140003
10600015001273,باغ ملک,باغ-ملک,106,10600015,106000150002
10600015002551,قلعه تل,قلعه-تل,106,10600015,106000150005
10600015002720,میداود,میداود,106,10600015,106000150004
10600016002111,امیدیه,امیدیه,106,10600016,106000160002
10600016002420,جایزان,جایزان,106,10600016,106000160001
10600016002969,میانکوه,میانکوه,106,10600016,106000160002
10600017001061,تراز,تراز,106,10600017,106000170002
10600017002104,لالی,لالی,106,10600017,106000170001
10600018001277,هندیجان,هندیجان,106,10600018,106000180001
10600018002650,زهره,زهره,106,10600018,106000180002
10600019001286,رامشیر,رامشیر,106,10600019,106000190001
10600019002719,مشراگه,مشراگه,106,10600019,106000190002
10600020001289,گتوند,گتوند,106,10600020,106000200002
10600020002007,ترکالکی,ترکالکی,106,10600020,106000200001
10600020002009,صالح شهر,صالح-شهر,106,10600020,106000200002
10600020002715,سماله,سماله,106,10600020,106000200001
10600020002716,جنت مکان,جنت-مکان,106,10600020,106000200002
10600021002550,قلعه خواجه,قلعه-خواجه,106,10600021,106000210003
10600021002799,آبژدان,آبژدان,106,10600021,106000210001
10600021002928,زاووت,زاووت,106,10600021,106000210002
10600022001292,هفتگل,هفتگل,106,10600022,106000220002
10600023001285,هویزه,هویزه,106,10600023,106000230002
10600023002313,رفیع,رفیع,106,10600023,106000230001
10600024002106,ملاثانی,ملاثانی,106,10600024,106000240001
10600024002309,ویس,ویس,106,10600024,106000240002
10600024002310,شیبان,شیبان,106,10600024,106000240002
10600025002105,حمیدیه,حمیدیه,106,10600025,106000250001
10600026001278,آغاجاری,آغاجاری,106,10600026,106000260001
10600026002920,جولکی,جولکی,106,10600026,106000260002
10600027002790,کوت عبداله,کوت-عبداله,106,10600027,106000270001
10600028002037,شاوور,شاوور,106,10600028,106000280002
10600028002314,الوان,الوان,106,10600028,106000280001
10600029002415,دهدز,دهدز,106,10600029,106000290001
10600030002596,صیدون,صیدون,106,10600030,106000300001
10700001001296,آباده,آباده,107,10700001,107000010004
10700001001297,صغاد,صغاد,107,10700001,107000010005
10700001002198,بهمن,بهمن,107,10700001,107000010005
10700001002335,ایزدخواست,ایزدخواست,107,10700001,107000010004
10700001002597,سورمق,سورمق,107,10700001,107000010004
10700002001298,استهبان,استهبان,107,10700002,107000020002
10700002002177,رونیز,رونیز,107,10700002,107000020001
10700002002552,ایج,ایج,107,10700002,107000020002
10700003001299,اقلید,اقلید,107,10700003,107000030002
10700003002014,دژکرد,دژکرد,107,10700003,107000030001
10700003002082,حسن آباد,حسن-آباد,107,10700003,107000030003
10700003002297,سده,سده,107,10700003,107000030001
10700004001301,جهرم,جهرم,107,10700004,107000040004
10700004002178,قطب آباد,قطب-آباد,107,10700004,107000040003
10700004002707,دوزه,دوزه,107,10700004,107000040002
10700005001000,پاسخن,پاسخن,107,10700005,107000050006
10700005001303,داراب,داراب,107,10700005,107000050003
10700005002016,فدامی,فدامی,107,10700005,107000050004
10700005002081,دو برجی,دو-برجی,107,10700005,107000050004
10700005002179,جنت شهر,جنت-شهر,107,10700005,107000050005
10700005002905,رستاق,رستاق,107,10700005,107000050002
10700006001304,اردکان,اردکان,107,10700006,107000060002
10700006002711,هماشهر,هماشهر,107,10700006,107000060003
10700007001075,شیراز 11,شیراز-11,107,10700007,107000070005
10700007001309,شیراز,شیراز,107,10700007,107000070005
10700007001627,شیراز 1,شیراز-1,107,10700007,107000070005
10700007001628,شیراز 2,شیراز-2,107,10700007,107000070005
10700007001693,شیراز 3,شیراز-3,107,10700007,107000070005
10700007001694,شیراز 4,شیراز-4,107,10700007,107000070005
10700007001695,شیراز 5,شیراز-5,107,10700007,107000070005
10700007001696,شیراز6,شیراز6,107,10700007,107000070005
10700007002015,شهر صدرا,شهر-صدرا,107,10700007,107000070005
10700007002057,خانه زنیان,خانه-زنیان,107,10700007,107000070006
10700007002298,داریان,داریان,107,10700007,107000070005
10700007002532,شیراز 7,شیراز-7,107,10700007,107000070005
10700007002533,شیراز 8,شیراز-8,107,10700007,107000070005
10700007002738,شیراز 9,شیراز-9,107,10700007,107000070005
10700007002864,شیراز 10,شیراز-10,107,10700007,107000070005
10700008001310,فسا,فسا,107,10700008,107000080003
10700008002107,زاهدشهر,زاهدشهر,107,10700008,107000080002
10700008002180,ششده,ششده,107,10700008,107000080001
10700008002652,نوبندگان,نوبندگان,107,10700008,107000080004
10700008002762,قره بلاغ,قره-بلاغ,107,10700008,107000080001
10700008002829,میانشهر,میانشهر,107,10700008,107000080002
10700009001313,فیروزآباد,فیروزآباد,107,10700009,107000090003
10700009001314,میمند,میمند,107,10700009,107000090004
10700010001315,کازرون,کازرون,107,10700010,107000100004
10700010002109,خشت,خشت,107,10700010,107000100006
10700010002181,کنارتخته,کنارتخته,107,10700010,107000100002
10700010002423,بالاده,بالاده,107,10700010,107000100001
10700011001320,لار,لار,107,10700011,107000110004
10700011002013,لطیفی,لطیفی,107,10700011,107000110004
10700011002182,بنارویه,بنارویه,107,10700011,107000110007
10700011002219,بیرم,بیرم,107,10700011,107000110005
10700011002553,خور,خور,107,10700011,107000110004
10700011002709,عماد شهر,عماد-شهر,107,10700011,107000110008
10700011002952,دهکویه,دهکویه,107,10700011,107000110004
10700012001044,فتح آباد,فتح-آباد,107,10700012,107000120004
10700012001324,مرودشت,مرودشت,107,10700012,107000120004
10700012002080,رامجرد,رامجرد,107,10700012,107000120005
10700012002336,سیدان,سیدان,107,10700012,107000120006
10700012002555,کامفیروز,کامفیروز,107,10700012,107000120003
10700012002776,خانیمن,خانیمن,107,10700012,107000120007
10700012002951,فاروق,فاروق,107,10700012,107000120006
10700012002961,زنگی آباد,زنگی-آباد,107,10700012,107000120004
10700013001325,نورآباد,نورآباد,107,10700013,107000130003
10700013002712,خومه زار,خومه-زار,107,10700013,107000130003
10700013002781,بابامنیر,بابامنیر,107,10700013,107000130002
10700014001326,نی ریز,نی-ریز,107,10700014,107000140003
10700014002058,قطرویه,قطرویه,107,10700014,107000140004
10700014002556,مشکان,مشکان,107,10700014,107000140002
10700015001015,خیرگو,خیرگو,107,10700015,107000150006
10700015001318,لامرد,لامرد,107,10700015,107000150001
10700015002212,اشکنان,اشکنان,107,10700015,107000150003
10700015002235,اهل,اهل,107,10700015,107000150003
10700015002236,علامرودشت,علامرودشت,107,10700015,107000150004
10700015002906,چاه ورز,چاه-ورز,107,10700015,107000150005
10700016001295,بوانات,بوانات,107,10700016,107000160002
10700016002780,مزایجان,مزایجان,107,10700016,107000160003
10700017001321,ارسنجان,ارسنجان,107,10700017,107000170001
10700018001294,صفاشهر,صفاشهر,107,10700018,107000180002
10700018001323,قادرآباد,قادرآباد,107,10700018,107000180001
10700019001302,حاجی آباد,حاجی-آباد,107,10700019,107000190002
10700019002558,شهرپیر,شهرپیر,107,10700019,107000190001
10700019002651,دبیران,دبیران,107,10700019,107000190002
10700020001312,قیر,قیر,107,10700020,107000200002
10700020002011,امام شهر,امام-شهر,107,10700020,107000200002
10700020002012,مبارک آباد دیز,مبارک-آباد-دیز,107,10700020,107000200002
10700020002422,کارزین/فتح آباد,کارزینفتح-آباد,107,10700020,107000200002
10700020002653,افزر,افزر,107,10700020,107000200001
10700021002211,مهر,مهر,107,10700021,107000210002
10700021002425,گله دار,گله-دار,107,10700021,107000210001
10700021002559,وراوی,وراوی,107,10700021,107000210003
10700021002708,اسیر,اسیر,107,10700021,107000210004
10700021002820,خوزی,خوزی,107,10700021,107000210003
10700021002966,فال,فال,107,10700021,107000210001
10700022001311,فراشبند,فراشبند,107,10700022,107000220001
10700022002059,دهرم,دهرم,107,10700022,107000220002
10700022002060,نوجین,نوجین,107,10700022,107000220001
10700023001322,سعادت شهر,سعادت-شهر,107,10700023,107000230001
10700023002783,مادر سلیمان,مادر-سلیمان,107,10700023,107000230002
10700024001317,خنج,خنج,107,10700024,107000240002
10700024002907,محمله,محمله,107,10700024,107000240001
10700025001306,سروستان,سروستان,107,10700025,107000250002
10700025002710,کوهنجان,کوهنجان,107,10700025,107000250001
10700026002337,مصیری,مصیری,107,10700026,107000260002
10700026002777,کوپن,کوپن,107,10700026,107000260001
10700027001319,گراش,گراش,107,10700027,107000270001
10700027002903,ارد,ارد,107,10700027,107000270002
10700028001042,اکبرآباد,اکبرآباد,107,10700028,107000280001
10700028001043,مظفری,مظفری,107,10700028,107000280001
10700028001307,کوار,کوار,107,10700028,107000280001
10700028002904,طسوج,طسوج,107,10700028,107000280002
10700029001308,خرامه,خرامه,107,10700029,107000290002
10700029002782,سلطان شهر,سلطان-شهر,107,10700029,107000290001
10700029002962,معزآباد جابری,معزآباد-جابری,107,10700029,107000290002
10700029002963,خیرآباد,خیرآباد,107,10700029,107000290002
10700030001045,رحمت آباد,رحمت-آباد,107,10700030,107000300002
10700030001305,زرقان,زرقان,107,10700030,107000300001
10700030002421,لپویی,لپویی,107,10700030,107000300001
10700031002503,بیضا,بیضا,107,10700031,107000310001
10700032001057,توجردی,توجردی,107,10700032,107000320003
10700032001072,باغ صفا,باغ-صفا,107,10700032,107000320002
10700032002095,حسامی,حسامی,107,10700032,107000320001
10700032002557,کره ای,کره-ای,107,10700032,107000320001
10700033002108,قایمیه,قایمیه,107,10700033,107000330001
10700033002424,نودان,نودان,107,10700033,107000330002
10700034001300,خاوران,خاوران,107,10700034,107000340002
10700034002234,باب انار,باب-انار,107,10700034,107000340001
10700035001066,خواجه جمالی,خواجه-جمالی,107,10700035,107000350001
10700035001077,تم شولی,تم-شولی,107,10700035,107000350002
10700035002199,آباده طشک,آباده-طشک,107,10700035,107000350001
10700036001046,کوره,کوره,107,10700036,107000360002
10700036001090,بیدشهر,بیدشهر,107,10700036,107000360002
10700036001316,اوز,اوز,107,10700036,107000360001
10700037001094,بلغان,بلغان,107,10700037,107000370002
10700037002183,جویم,جویم,107,10700037,107000370001
10800001001008,کشکوییه,کشکوییه,108,10800001,108000010004
10800001001328,بافت,بافت,108,10800001,108000010003
10800001002200,بزنجان,بزنجان,108,10800001,108000010003
10800002001079,دهبکری,دهبکری,108,10800002,108000020008
10800002001330,بم,بم,108,10800002,108000020003
10800002001331,بروات,بروات,108,10800002,108000020007
10800003001332,جیرفت,جیرفت,108,10800003,108000030004
10800003002237,جبالبارز,جبالبارز,108,10800003,108000030002
10800003002339,درب بهشت,درب-بهشت,108,10800003,108000030001
10800003002769,بلوک,بلوک,108,10800003,108000030005
10800003002953,علی آباد,علی-آباد,108,10800003,108000030004
10800004001335,رفسنجان,رفسنجان,108,10800004,108000040002
10800004002085,صفاییه,صفاییه,108,10800004,108000040005
10800004002227,مس سرچشمه,مس-سرچشمه,108,10800004,108000040002
10800004002319,کشکوییه,کشکوییه,108,10800004,108000040003
10800004002427,بهرمان,بهرمان,108,10800004,108000040004
10800004002954,جوادیه الهیه,جوادیه-الهیه,108,10800004,108000040004
10800005001337,زرند,زرند,108,10800005,108000050002
10800005002201,خانوک,خانوک,108,10800005,108000050002
10800005002600,ریحان,ریحان,108,10800005,108000050002
10800005002601,یزدان شهر,یزدان-شهر,108,10800005,108000050003
10800005002955,سیریز,سیریز,108,10800005,108000050003
10800006001338,سیرجان,سیرجان,108,10800006,108000060001
10800006002320,زیدآباد,زیدآباد,108,10800006,108000060004
10800006002340,نجف شهر,نجف-شهر,108,10800006,108000060001
10800006002561,پاریز,پاریز,108,10800006,108000060002
10800006002675,سیرجان 1,سیرجان-1,108,10800006,108000060001
10800006002676,سیرجان 2,سیرجان-2,108,10800006,108000060001
10800006002722,هماشهر,هماشهر,108,10800006,108000060002
10800006002823,خواجو شهر,خواجو-شهر,108,10800006,108000060003
10800006002825,بلورد,بلورد,108,10800006,108000060005
10800007001339,شهربابک,شهربابک,108,10800007,108000070001
10800007002030,خورسند,خورسند,108,10800007,108000070001
10800007002031,جوزم,جوزم,108,10800007,108000070002
10800007002086,خاتون آباد,خاتون-آباد,108,10800007,108000070001
10800007002238,دهج,دهج,108,10800007,108000070002
10800008001329,راین,راین,108,10800008,108000080006
10800008001341,شهداد,شهداد,108,10800008,108000080002
10800008001342,گلباف,گلباف,108,10800008,108000080003
10800008001343,جوپار,جوپار,108,10800008,108000080004
10800008001344,ماهان,ماهان,108,10800008,108000080004
10800008001345,چترود,چترود,108,10800008,108000080007
10800008001346,کرمان,کرمان,108,10800008,108000080005
10800008001675,کرمان 1,کرمان-1,108,10800008,108000080005
10800008001676,کرمان 2,کرمان-2,108,10800008,108000080005
10800008001677,کرمان 3,کرمان-3,108,10800008,108000080005
10800008002239,باغین,باغین,108,10800008,108000080005
10800008002321,محی آباد,محی-آباد,108,10800008,108000080004
10800008002323,زنگی آباد,زنگی-آباد,108,10800008,108000080005
10800008002324,کاظم آباد,کاظم-آباد,108,10800008,108000080007
10800008002428,اختیارآباد,اختیارآباد,108,10800008,108000080005
10800008002534,کرمان 4,کرمان-4,108,10800008,108000080005
10800008002603,اندوهجرد,اندوهجرد,108,10800008,108000080002
10800009001009,چاه مرید,چاه-مرید,108,10800009,108000090005
10800009001347,کهنوج,کهنوج,108,10800009,108000090004
10800009002956,ده کهان,ده-کهان,108,10800009,108000090004
10800010001348,بردسیر,بردسیر,108,10800010,108000100001
10800010002065,لاله زار,لاله-زار,108,10800010,108000100002
10800010002241,گلزار,گلزار,108,10800010,108000100003
10800010002326,نگار,نگار,108,10800010,108000100004
10800010002824,دشتکار,دشتکار,108,10800010,108000100001
10800011001340,راور,راور,108,10800011,108000110002
10800011002599,هجدک,هجدک,108,10800011,108000110001
10800012001333,عنبرآباد,عنبرآباد,108,10800012,108000120001
10800012002602,مردهک,مردهک,108,10800012,108000120003
10800012002721,دوساری,دوساری,108,10800012,108000120001
10800013002240,منوجان,منوجان,108,10800013,108000130001
10800013002604,نودژ,نودژ,108,10800013,108000130002
10800014001336,کوهبنان,کوهبنان,108,10800014,108000140002
10800014002110,کیانشهر,کیانشهر,108,10800014,108000140001
10800015002325,رودبار,رودبار,108,10800015,108000150002
10800016002176,قلعه گنج,قلعه-گنج,108,10800016,108000160002
10800016002908,چاه دادخدا,چاه-دادخدا,108,10800016,108000160001
10800016002957,رمشک,رمشک,108,10800016,108000160001
10800017001013,رحمت آباد,رحمت-آباد,108,10800017,108000170002
10800017001014,عباس آباد سردار,عباس-آباد-سردار,108,10800017,108000170002
10800017002316,محمدآباد,محمدآباد,108,10800017,108000170002
10800018001327,رابر,رابر,108,10800018,108000180001
10800018002771,هنزا,هنزا,108,10800018,108000180002
10800019001010,دهنو اسلام آباد,دهنو-اسلام-آباد,108,10800019,108000190002
10800019002317,فهرج,فهرج,108,10800019,108000190001
10800020001334,انار,انار,108,10800020,108000200001
10800020002318,امین شهر,امین-شهر,108,10800020,108000200001
10800021002338,نرماشیر,نرماشیر,108,10800021,108000210001
10800021002598,نظام شهر,نظام-شهر,108,10800021,108000210002
10800022001011,پاسفید,پاسفید,108,10800022,108000220002
10800022002429,فاریاب,فاریاب,108,10800022,108000220001
10800023001012,علی  آباد,علی-آباد,108,10800023,108000230002
10800023002315,ارزوییه,ارزوییه,108,10800023,108000230001
10800024002822,گنبکی,گنبکی,108,10800024,108000240001
10800025002821,زهکلوت,زهکلوت,108,10800025,108000250001
10900004001357,تایباد,تایباد,109,10900004,109000040002
10900004002562,کاریز,کاریز,109,10900004,109000040002
10900004002654,مشهد ریزه,مشهد-ریزه,109,10900004,109000040003
10900005001024,نسر,نسر,109,10900005,109000050007
10900005001361,تربت حیدریه,تربت-حیدریه,109,10900005,109000050006
10900005002243,کدکن,کدکن,109,10900005,109000050005
10900005002341,بایک,بایک,109,10900005,109000050001
10900005002434,رباط سنگ,رباط-سنگ,109,10900005,109000050007
10900006001363,تربت جام,تربت-جام,109,10900006,109000060002
10900006002067,احمدآباد صولت,احمدآباد-صولت,109,10900006,109000060004
10900006002342,نصرآباد,نصرآباد,109,10900006,109000060003
10900006002655,نیل شهر,نیل-شهر,109,10900006,109000060004
10900006002888,سمیع آباد,سمیع-آباد,109,10900006,109000060005
10900007001364,لطف آباد,لطف-آباد,109,10900007,109000070002
10900007001365,درگز,درگز,109,10900007,109000070003
10900007001366,نوخندان,نوخندان,109,10900007,109000070004
10900007002202,چاپشلو,چاپشلو,109,10900007,109000070001
10900008001367,سبزوار,سبزوار,109,10900008,109000080007
10900008002245,روداب,روداب,109,10900008,109000080005
10900008002677,سبزوار1,سبزوار1,109,10900008,109000080007
10900008002678,سبزوار2,سبزوار2,109,10900008,109000080007
10900013001020,آلماجق,آلماجق,109,10900013,109000130004
10900013001022,شهر کهنه,شهر-کهنه,109,10900013,109000130005
10900013001041,مزرج,مزرج,109,10900013,109000130003
10900013001376,باجگیران,باجگیران,109,10900013,109000130001
10900013001378,قوچان,قوچان,109,10900013,109000130003
10900014001055,فرگ قلعه,فرگ-قلعه,109,10900014,109000140005
10900014001381,کاشمر,کاشمر,109,10900014,109000140004
10900015001383,بیدخت,بیدخت,109,10900015,109000150002
10900015001384,کاخک,کاخک,109,10900015,109000150003
10900015001385,گناباد,گناباد,109,10900015,109000150002
10900015002987,روشناوند,روشناوند,109,10900015,109000150002
10900016001392,مشهد,مشهد,109,10900016,109000160005
10900016001629,مشهد 1,مشهد-1,109,10900016,109000160005
10900016001630,مشهد 2,مشهد-2,109,10900016,109000160005
10900016001631,مشهد 3,مشهد-3,109,10900016,109000160005
10900016001632,مشهد 4,مشهد-4,109,10900016,109000160005
10900016001643,مشهد 5,مشهد-5,109,10900016,109000160005
10900016001644,مشهد 6,مشهد-6,109,10900016,109000160005
10900016001645,مشهد 7,مشهد-7,109,10900016,109000160005
10900016001646,مشهد 8,مشهد-8,109,10900016,109000160005
10900016001647,مشهد 9,مشهد-9,109,10900016,109000160005
10900016001648,مشهد 10,مشهد-10,109,10900016,109000160005
10900016002000,مشهد 12,مشهد-12,109,10900016,109000160005
10900016002436,رضویه,رضویه,109,10900016,109000160006
10900016002437,ملک آباد,ملک-آباد,109,10900016,109000160001
10900016002524,مشهد 11,مشهد-11,109,10900016,109000160005
10900016002526,مشهد ثامن,مشهد-ثامن,109,10900016,109000160005
10900017001394,نیشابور,نیشابور,109,10900017,109000170004
10900017002041,بار,بار,109,10900017,109000170004
10900017002564,چکنه,چکنه,109,10900017,109000170003
10900017002786,نیشابور 1,نیشابور-1,109,10900017,109000170004
10900017002787,نیشابور 2,نیشابور-2,109,10900017,109000170004
10900018001386,چناران,چناران,109,10900018,109000180002
10900018002998,رادکان,رادکان,109,10900018,109000180003
10900018002999,سیدآباد,سیدآباد,109,10900018,109000180004
10900019001021,سده,سده,109,10900019,109000190004
10900019001358,خواف,خواف,109,10900019,109000190002
10900019002213,سنگان,سنگان,109,10900019,109000190001
10900019002439,قاسم آباد,قاسم-آباد,109,10900019,109000190003
10900019002565,نشتیفان,نشتیفان,109,10900019,109000190002
10900019002605,سلامی,سلامی,109,10900019,109000190004
10900020001387,سرخس,سرخس,109,10900020,109000200002
10900020002607,مزدآوند,مزدآوند,109,10900020,109000200001
10900022001390,فریمان,فریمان,109,10900022,109000220002
10900022002442,قلندر آباد,قلندر-آباد,109,10900022,109000220001
10900022002566,فرهادگرد,فرهادگرد,109,10900022,109000220002
10900022002608,سفید سنگ,سفید-سنگ,109,10900022,109000220001
10900023001379,بردسکن,بردسکن,109,10900023,109000230002
10900023002090,شهرآباد,شهرآباد,109,10900023,109000230003
10900023002440,انابد,انابد,109,10900023,109000230001
10900027001359,رشتخوار,رشتخوار,109,10900027,109000270002
10900027002606,جنگل,جنگل,109,10900027,109000270001
10900028001019,چنار,چنار,109,10900028,109000280001
10900028001023,حسن آباد,حسن-آباد,109,10900028,109000280003
10900028001391,کلات,کلات,109,10900028,109000280002
10900028002609,شهر زو,شهر-زو,109,10900028,109000280001
10900029001380,خلیل آباد,خلیل-آباد,109,10900029,109000290002
10900029002656,کندر,کندر,109,10900029,109000290001
10900030001092,عبدل آباد,عبدل-آباد,109,10900030,109000300002
10900030001360,فیض آباد,فیض-آباد,109,10900030,109000300002
10900030002069,شادمهر,شادمهر,109,10900030,109000300001
10900031001382,بجستان,بجستان,109,10900031,109000310001
10900031002610,یونسی,یونسی,109,10900031,109000310002
10900032001388,شاندیز,شاندیز,109,10900032,109000320002
10900032001389,طرقبه,طرقبه,109,10900032,109000320001
10900033001018,گرماب,گرماب,109,10900033,109000330002
10900033002066,همت آباد,همت-آباد,109,10900033,109000330002
10900033002220,فیروزه,فیروزه,109,10900033,109000330001
10900034001596,جغتای,جغتای,109,10900034,109000340001
10900034002901,ریواده,ریواده,109,10900034,109000340002
10900035002135,دولت آباد,دولت-آباد,109,10900035,109000350001
10900035002950,چخماق,چخماق,109,10900035,109000350002
10900036002184,نقاب,نقاب,109,10900036,109000360001
10900036002889,حکم آباد,حکم-آباد,109,10900036,109000360002
10900037002134,باخرز,باخرز,109,10900037,109000370001
10900037002970,قلعه نو علیا,قلعه-نو-علیا,109,10900037,109000370002
10900038002343,سلطان آباد,سلطان-آباد,109,10900038,109000380001
10900038002902,مشکان,مشکان,109,10900038,109000380002
10900038002986,نوده انقلاب,نوده-انقلاب,109,10900038,109000380003
10900039002244,داورزن,داورزن,109,10900039,109000390001
10900039002964,ریوند,ریوند,109,10900039,109000390002
10900040001362,صالح آباد,صالح-آباد,109,10900040,109000400001
10900040002980,جنت آباد,جنت-آباد,109,10900040,109000400002
10900041002348,ریوش,ریوش,109,10900041,109000410001
10900042001393,درود,درود,109,10900042,109000420001
10900042002246,قدمگاه,قدمگاه,109,10900042,109000420001
10900042002349,خرو,خرو,109,10900042,109000420001
10900042002965,اسحق آباد,اسحق-آباد,109,10900042,109000420002
10900043001054,شامکان,شامکان,109,10900043,109000430002
10900043002344,ششتمد,ششتمد,109,10900043,109000430001
10900044002068,گلمکان,گلمکان,109,10900044,109000440002
10900044002854,گلبهار,گلبهار,109,10900044,109000440001
10900045002438,عشق آباد,عشق-آباد,109,10900045,109000450001
11000001001395,اردستان,اردستان,110,11000001,110000010001
11000001001396,زواره,زواره,110,11000001,110000010002
11000001002214,مهاباد,مهاباد,110,11000001,110000010003
11000002001406,اصفهان,اصفهان,110,11000002,110000020003
11000002001407,اصفهان 15,اصفهان-15,110,11000002,110000020003
11000002001633,اصفهان 1,اصفهان-1,110,11000002,110000020003
11000002001634,اصفهان 2,اصفهان-2,110,11000002,110000020003
11000002001635,اصفهان 3,اصفهان-3,110,11000002,110000020003
11000002001636,اصفهان 4,اصفهان-4,110,11000002,110000020003
11000002001637,اصفهان 5,اصفهان-5,110,11000002,110000020003
11000002001638,اصفهان 6,اصفهان-6,110,11000002,110000020003
11000002001639,اصفهان 7,اصفهان-7,110,11000002,110000020003
11000002001640,اصفهان 8,اصفهان-8,110,11000002,110000020003
11000002001641,اصفهان 9,اصفهان-9,110,11000002,110000020003
11000002001642,اصفهان 10,اصفهان-10,110,11000002,110000020003
11000002002001,اصفهان 12,اصفهان-12,110,11000002,110000020003
11000002002002,اصفهان 13,اصفهان-13,110,11000002,110000020003
11000002002021,قهجاورستان,قهجاورستان,110,11000002,110000020003
11000002002089,اصفهان 14,اصفهان-14,110,11000002,110000020003
11000002002554,اصفهان 11,اصفهان-11,110,11000002,110000020003
11000002002611,بهارستان,بهارستان,110,11000002,110000020003
11000002002830,زیار,زیار,110,11000002,110000020003
11000003001410,خمینی شهر,خمینی-شهر,110,11000003,110000030001
11000003001411,درچه,درچه,110,11000003,110000030001
11000003002188,کوشک,کوشک,110,11000003,110000030001
11000003002755,اصغرآباد,اصغرآباد,110,11000003,110000030001
11000004001031,ویست,ویست,110,11000004,110000040001
11000004001413,خوانسار,خوانسار,110,11000004,110000040001
11000005001414,سمیرم,سمیرم,110,11000005,110000050002
11000005002249,حنا,حنا,110,11000005,110000050002
11000005002351,ونک,ونک,110,11000005,110000050002
11000005002443,کمه,کمه,110,11000005,110000050001
11000005002923,بیده,بیده,110,11000005,110000050003
11000005002936,فتح آباد,فتح-آباد,110,11000005,110000050004
11000006001417,داران,داران,110,11000006,110000060003
11000006002251,دامنه,دامنه,110,11000006,110000060003
11000007001418,فریدونشهر,فریدونشهر,110,11000007,110000070001
11000007002569,برف انبار,برف-انبار,110,11000007,110000070001
11000008001048,طاد,طاد,110,11000008,110000080001
11000008001049,بوستان زر,بوستان-زر,110,11000008,110000080002
11000008001419,فلاورجان,فلاورجان,110,11000008,110000080002
11000008001420,کلیشاد و سودرجان,کلیشاد-و-سودرجان,110,11000008,110000080002
11000008001439,قهدریجان,قهدریجان,110,11000008,110000080003
11000008002215,پیربکران,پیربکران,110,11000008,110000080001
11000008002252,ابریشم,ابریشم,110,11000008,110000080002
11000008002444,بهاران شهر,بهاران-شهر,110,11000008,110000080001
11000008002445,اشترجان,اشترجان,110,11000008,110000080002
11000008002789,زازران,زازران,110,11000008,110000080003
11000008002997,مینادشت,مینادشت,110,11000008,110000080002
11000009001422,شهرضا,شهرضا,110,11000009,110000090002
11000009002446,منظریه,منظریه,110,11000009,110000090002
11000010001424,قمصر,قمصر,110,11000010,110000100002
11000010001425,کاشان,کاشان,110,11000010,110000100003
11000010002302,نیاسر,نیاسر,110,11000010,110000100004
11000010002447,جوشقان قالی,جوشقان-قالی,110,11000010,110000100002
11000010002542,برزک,برزک,110,11000010,110000100005
11000010002657,مشکات,مشکات,110,11000010,110000100003
11000010002831,کامو و چوگان,کامو-و-چوگان,110,11000010,110000100002
11000011001426,گلپایگان,گلپایگان,110,11000011,110000110001
11000011001427,گوگد,گوگد,110,11000011,110000110001
11000011002511,گلشهر,گلشهر,110,11000011,110000110001
11000012001429,باغ بهادران,باغ-بهادران,110,11000012,110000120001
11000012001430,چمگردان,چمگردان,110,11000012,110000120003
11000012001431,زرین شهر,زرین-شهر,110,11000012,110000120003
11000012001432,سده لنجان,سده-لنجان,110,11000012,110000120003
11000012002112,ورنامخواست,ورنامخواست,110,11000012,110000120003
11000012002121,چرمهین,چرمهین,110,11000012,110000120001
11000012002128,فولادشهر,فولادشهر,110,11000012,110000120003
11000012002504,زاینده رود,زاینده-رود,110,11000012,110000120003
11000012002788,باغشاد,باغشاد,110,11000012,110000120003
11000013001433,انارک,انارک,110,11000013,110000130001
11000013001435,نایین,نایین,110,11000013,110000130003
11000013002078,بافران,بافران,110,11000013,110000130003
11000014001437,دهق,دهق,110,11000014,110000140003
11000014001438,علویجه,علویجه,110,11000014,110000140003
11000014001440,نجف آباد,نجف-آباد,110,11000014,110000140002
11000014002045,جوزدان,جوزدان,110,11000014,110000140002
11000014002122,گلدشت,گلدشت,110,11000014,110000140002
11000014002570,کهریزسنگ,کهریزسنگ,110,11000014,110000140002
11000015001441,بادرود,بادرود,110,11000015,110000150002
11000015001442,نطنز,نطنز,110,11000015,110000150001
11000015002612,خالدآباد,خالدآباد,110,11000015,110000150002
11000015002754,طرق رود,طرق-رود,110,11000015,110000150001
11000016001401,شاهین شهر,شاهین-شهر,110,11000016,110000160003
11000016001402,گزبرخوار,گزبرخوار,110,11000016,110000160003
11000016001408,میمه,میمه,110,11000016,110000160002
11000016001409,وزوان,وزوان,110,11000016,110000160002
11000016001597,گرگاب,گرگاب,110,11000016,110000160003
11000016001598,لای بید,لای-بید,110,11000016,110000160002
11000017001428,مبارکه,مبارکه,110,11000017,110000170001
11000017001599,مجلسی,مجلسی,110,11000017,110000170001
11000017002189,دیزیچه,دیزیچه,110,11000017,110000170001
11000017002204,طالخونچه,طالخونچه,110,11000017,110000170001
11000017002448,کرکوند,کرکوند,110,11000017,110000170001
11000017002572,زیباشهر,زیباشهر,110,11000017,110000170002
11000017002937,ده سرخ,ده-سرخ,110,11000017,110000170002
11000018001423,آران و بیدگل,آران-و-بیدگل,110,11000018,110000180002
11000018002279,ابوزیدآباد,ابوزیدآباد,110,11000018,110000180001
11000018002505,نوش آباد,نوش-آباد,110,11000018,110000180002
11000018002543,سفید شهر,سفید-شهر,110,11000018,110000180002
11000019001436,تیران,تیران,110,11000019,110000190002
11000019002449,عسگران,عسگران,110,11000019,110000190001
11000019002573,رضوانشهر,رضوانشهر,110,11000019,110000190002
11000020001415,چادگان,چادگان,110,11000020,110000200002
11000020002352,رزوه,رزوه,110,11000020,110000200002
11000021001421,دهاقان,دهاقان,110,11000021,110000210001
11000021002093,گلشن,گلشن,110,11000021,110000210001
11000022001397,حبیب آباد,حبیب-آباد,110,11000022,110000220001
11000022001398,خورزوق,خورزوق,110,11000022,110000220002
11000022001399,دستگرد,دستگرد,110,11000022,110000220002
11000022001400,دولت آباد,دولت-آباد,110,11000022,110000220002
11000022002094,شاپورآباد,شاپورآباد,110,11000022,110000220001
11000022002571,کمشچه,کمشچه,110,11000022,110000220001
11000022002756,سین,سین,110,11000022,110000220002
11000023001434,خور,خور,110,11000023,110000230001
11000023002077,فرخی,فرخی,110,11000023,110000230001
11000023002203,جندق,جندق,110,11000023,110000230001
11000024001416,بویین و میاندشت,بویین-و-میاندشت,110,11000024,110000240001
11000024002250,افوس,افوس,110,11000024,110000240001
11000025001403,کوهپایه,کوهپایه,110,11000025,110000250001
11000025002350,سجزی,سجزی,110,11000025,110000250002
11000025002513,تودشک,تودشک,110,11000025,110000250001
11000026002186,نیک آباد,نیک-آباد,110,11000026,110000260001
11000026002187,حسن اباد,حسن-اباد,110,11000026,110000260002
11000026002247,محمدآباد,محمدآباد,110,11000026,110000260001
11000026002512,نصرآباد,نصرآباد,110,11000026,110000260001
11000027001404,ورزنه,ورزنه,110,11000027,110000270001
11000028001405,هرند,هرند,110,11000028,110000280001
11000028002248,اژیه,اژیه,110,11000028,110000280002
11100001001443,ایرانشهر,ایرانشهر,111,11100001,111000010005
11100001002450,بزمان,بزمان,111,11100001,111000010001
11100002001446,چاه بهار,چاه-بهار,111,11100002,111000020002
11100002002894,پلان,پلان,111,11100002,111000020004
11100003001449,خاش,خاش,111,11100003,111000030001
11100003002915,ده رییس,ده-رییس,111,11100003,111000030003
11100003002979,اسماعیل آباد,اسماعیل-آباد,111,11100003,111000030001
11100004001450,زابل,زابل,111,11100004,111000040004
11100004002453,بنجار,بنجار,111,11100004,111000040004
11100005001451,زاهدان,زاهدان,111,11100005,111000050001
11100005001681,زاهدان 1,زاهدان-1,111,11100005,111000050001
11100005001682,زاهدان 2,زاهدان-2,111,11100005,111000050001
11100005001683,زاهدان 3,زاهدان-3,111,11100005,111000050001
11100005002454,نصرت آباد,نصرت-آباد,111,11100005,111000050003
11100005002862,زاهدان 4,زاهدان-4,111,11100005,111000050001
11100005002863,زاهدان 5,زاهدان-5,111,11100005,111000050001
11100005002891,سرجنگل,سرجنگل,111,11100005,111000050004
11100006001047,اسفندک,اسفندک,111,11100006,111000060006
11100006001453,سراوان,سراوان,111,11100006,111000060004
11100006002047,محمدی,محمدی,111,11100006,111000060004
11100006002048,گشت,گشت,111,11100006,111000060004
11100006002455,سیرکان,سیرکان,111,11100006,111000060005
11100007001001,چانف,چانف,111,11100007,111000070006
11100007001448,نیک شهر,نیک-شهر,111,11100007,111000070005
11100007002456,بنت,بنت,111,11100007,111000070001
11100008002461,راسک,راسک,111,11100008,111000080003
11100008002501,پیشین,پیشین,111,11100008,111000080001
11100008002890,پارود,پارود,111,11100008,111000080005
11100009001447,کنارک,کنارک,111,11100009,111000090002
11100010002173,زهک,زهک,111,11100010,111000100002
11100010002978,جزینک,جزینک,111,11100010,111000100001
11100011002514,دوست محمد,دوست-محمد,111,11100011,111000110001
11100011002916,قرقری,قرقری,111,11100011,111000110002
11100012002451,گلمورتی,گلمورتی,111,11100012,111000120001
11100012002914,چگرد,چگرد,111,11100012,111000120002
11100013002355,مهرستان,مهرستان,111,11100013,111000130001
11100013002893,آشار,آشار,111,11100013,111000130002
11100014001027,سیب,سیب,111,11100014,111000140001
11100014002174,سوران,سوران,111,11100014,111000140001
11100014002613,هیدوچ,هیدوچ,111,11100014,111000140002
11100015002353,ادیمی,ادیمی,111,11100015,111000150001
11100016002046,علی اکبر,علی-اکبر,111,11100016,111000160002
11100016002354,محمدآباد,محمدآباد,111,11100016,111000160001
11100017001078,لادیز,لادیز,111,11100017,111000170002
11100017001452,میرجاوه,میرجاوه,111,11100017,111000170001
11100017002912,ریگ ملک,ریگ-ملک,111,11100017,111000170003
11100018001445,قصرقند,قصرقند,111,11100018,111000180001
11100018002892,ساربوک,ساربوک,111,11100018,111000180002
11100019002175,فنوج,فنوج,111,11100019,111000190001
11100019002913,گتیج,گتیج,111,11100019,111000190002
11100020001028,قاسم آباد,قاسم-آباد,111,11100020,111000200002
11100020002049,محمدان,محمدان,111,11100020,111000200001
11100020002172,بمپور,بمپور,111,11100020,111000200001
11100021002452,نوک آباد,نوک-آباد,111,11100021,111000210001
11100022001029,بریس,بریس,111,11100022,111000220001
11100022001444,نگور,نگور,111,11100022,111000220001
11100023002499,سرباز,سرباز,111,11100023,111000230001
11100024002191,جالق,جالق,111,11100024,111000240001
11100025002506,اسپکه,اسپکه,111,11100025,111000250001
11100026002739,زرآباد,زرآباد,111,11100026,111000260001
11200001001454,بانه,بانه,112,11200001,112000010002
11200001002457,آرمرده,آرمرده,112,11200001,112000010001
11200001002458,کانی سور,کانی-سور,112,11200001,112000010003
11200001002459,بویین سفلی,بویین-سفلی,112,11200001,112000010004
11200002001455,بیجار,بیجار,112,11200002,112000020003
11200002002190,یاسوکند,یاسوکند,112,11200002,112000020002
11200002002460,بابارشانی,بابارشانی,112,11200002,112000020001
11200002002784,توپ آغاج,توپ-آغاج,112,11200002,112000020003
11200002002785,پیرتاج,پیرتاج,112,11200002,112000020001
11200003001456,سقز,سقز,112,11200003,112000030002
11200003002502,صاحب,صاحب,112,11200003,112000030001
11200003002924,سنته,سنته,112,11200003,112000030004
11200004001458,سنندج,سنندج,112,11200004,112000040003
11200004001672,سنندج 1,سنندج-1,112,11200004,112000040003
11200004001673,سنندج 2,سنندج-2,112,11200004,112000040003
11200004001674,سنندج 3,سنندج-3,112,11200004,112000040003
11200004002462,شویشه,شویشه,112,11200004,112000040004
11200004002895,حسین آباد,حسین-آباد,112,11200004,112000040005
11200005001037,مالوجه,مالوجه,112,11200005,112000050005
11200005001461,سریش آباد,سریش-آباد,112,11200005,112000050003
11200005001462,قروه,قروه,112,11200005,112000050002
11200005002426,دلبران,دلبران,112,11200005,112000050005
11200005002463,دزج,دزج,112,11200005,112000050004
11200006001463,مریوان,مریوان,112,11200006,112000060003
11200006002055,کانی دینار,کانی-دینار,112,11200006,112000060003
11200006002464,چناره,چناره,112,11200006,112000060002
11200006002753,برده رشه,برده-رشه,112,11200006,112000060001
11200007001459,دیواندره,دیواندره,112,11200007,112000070002
11200007002465,زرینه,زرینه,112,11200007,112000070001
11200007002925,هزارکانیان,هزارکانیان,112,11200007,112000070003
11200008001457,کامیاران,کامیاران,112,11200008,112000080001
11200008002466,موچش,موچش,112,11200008,112000080002
11200009002205,سروآباد,سروآباد,112,11200009,112000090002
11200009002752,اورامان تخت,اورامان-تخت,112,11200009,112000090001
11200010001460,دهگلان,دهگلان,112,11200010,112000100001
11200010002042,بلبان آباد,بلبان-آباد,112,11200010,112000100002
11300001001464,تویسرکان,تویسرکان,113,11300001,113000010002
11300001001465,سرکان,سرکان,113,11300001,113000010002
11300001002467,فرسفج,فرسفج,113,11300001,113000010001
11300002001091,علی آباددمق,علی-آباددمق,113,11300002,113000020001
11300002001466,سامن,سامن,113,11300002,113000020002
11300002001467,ملایر,ملایر,113,11300002,113000020003
11300002002253,ازندریان,ازندریان,113,11300002,113000020001
11300002002468,جوکار,جوکار,113,11300002,113000020001
11300002002658,زنگنه,زنگنه,113,11300002,113000020004
11300002002871,اسلام شهر آق گل,اسلام-شهر-آق-گل,113,11300002,113000020003
11300003001468,نهاوند,نهاوند,113,11300003,113000030002
11300003002206,فیروزان,فیروزان,113,11300003,113000030001
11300003002659,برزول,برزول,113,11300003,113000030003
11300003002660,گیان,گیان,113,11300003,113000030004
11300004001474,مریانج,مریانج,113,11300004,113000040007
11300004001475,همدان,همدان,113,11300004,113000040007
11300004001691,همدان 1,همدان-1,113,11300004,113000040007
11300004001692,همدان 2,همدان-2,113,11300004,113000040007
11300004002254,جورقان,جورقان,113,11300004,113000040007
11300004002356,قهاوند,قهاوند,113,11300004,113000040005
11300004002522,همدان 3,همدان-3,113,11300004,113000040007
11300004002523,همدان 4,همدان-4,113,11300004,113000040007
11300005001473,کبودرآهنگ,کبودرآهنگ,113,11300005,113000050002
11300005002469,گل تپه,گل-تپه,113,11300005,113000050001
11300005002470,شیرین سو,شیرین-سو,113,11300005,113000050003
11300006001469,اسدآباد,اسدآباد,113,11300006,113000060001
11300006002758,آجین,آجین,113,11300006,113000060002
11300006002994,پالیز,پالیز,113,11300006,113000060001
11300007001471,بهار,بهار,113,11300007,113000070002
11300007001472,لالجین,لالجین,113,11300007,113000070001
11300007002216,صالح آباد,صالح-آباد,113,11300007,113000070003
11300007002757,مهاجران,مهاجران,113,11300007,113000070001
11300008002171,رزن,رزن,113,11300008,113000080003
11300008002357,دمق,دمق,113,11300008,113000080001
11300009002192,فامنین,فامنین,113,11300009,113000090001
11300010001064,شاهنجرین,شاهنجرین,113,11300010,113000100001
11300010001470,قروه درگزین,قروه-درگزین,113,11300010,113000100002
11300010002870,کرفس,کرفس,113,11300010,113000100001
11400001001477,بلداجی,بلداجی,114,11400001,114000010004
11400001001478,بروجن,بروجن,114,11400001,114000010003
11400001001479,فرادبنه,فرادبنه,114,11400001,114000010003
11400001002152,گندمان,گندمان,114,11400001,114000010002
11400001002306,سفیددشت,سفیددشت,114,11400001,114000010003
11400001002706,نقنه,نقنه,114,11400001,114000010003
11400002001482,شهرکرد,شهرکرد,114,11400002,114000020002
11400002001484,هفشجان,هفشجان,114,11400002,114000020002
11400002002113,سورشجان,سورشجان,114,11400002,114000020005
11400002002123,کیان,کیان,114,11400002,114000020002
11400002002359,طاقانک,طاقانک,114,11400002,114000020002
11400002002471,نافچ,نافچ,114,11400002,114000020002
11400002002614,سودجان,سودجان,114,11400002,114000020005
11400002002838,هارونی,هارونی,114,11400002,114000020005
11400003001485,جونقان,جونقان,114,11400003,114000030004
11400003001486,فارسان,فارسان,114,11400003,114000030002
11400003002124,بآباحیدر,بآباحیدر,114,11400003,114000030003
11400003002730,پردنجان,پردنجان,114,11400003,114000030004
11400003002805,گوجان,گوجان,114,11400003,114000030002
11400003002806,چلیچه,چلیچه,114,11400003,114000030004
11400003002938,فیل آباد,فیل-آباد,114,11400003,114000030003
11400004001487,لردگان,لردگان,114,11400004,114000040002
11400004002731,منج,منج,114,11400004,114000040004
11400004002840,سردشت,سردشت,114,11400004,114000040005
11400005001476,اردل,اردل,114,11400005,114000050001
11400005002807,کاج,کاج,114,11400005,114000050001
11400005002808,دشتک,دشتک,114,11400005,114000050001
11400005002809,سرخون,سرخون,114,11400005,114000050002
11400006002360,چلگرد,چلگرد,114,11400006,114000060002
11400006002839,صمصامی,صمصامی,114,11400006,114000060003
11400006002841,بازفت,بازفت,114,11400006,114000060001
11400007002153,شلمزار,شلمزار,114,11400007,114000070001
11400007002154,ناغان,ناغان,114,11400007,114000070002
11400007002358,گهرو,گهرو,114,11400007,114000070001
11400007002729,دستنا,دستنا,114,11400007,114000070001
11400008001481,سامان,سامان,114,11400008,114000080001
11400008002918,هوره,هوره,114,11400008,114000080002
11400009001480,بن,بن,114,11400009,114000090001
11400009002732,وردنجان,وردنجان,114,11400009,114000090001
11400009002919,یان چشمه,یان-چشمه,114,11400009,114000090002
11400010002473,آلونی,آلونی,114,11400010,114000100001
11400011002472,مال خلیفه,مال-خلیفه,114,11400011,114000110001
11400012001483,فرخ شهر,فرخ-شهر,114,11400012,114000120001
11500001001056,تیتکان بزنوید,تیتکان-بزنوید,115,11500001,115000010004
11500001001489,الیگودرز,الیگودرز,115,11500001,115000010003
11500001002728,شول آباد,شول-آباد,115,11500001,115000010002
11500001002876,چمن سلطان,چمن-سلطان,115,11500001,115000010006
11500001002877,شاهپوراباد,شاهپوراباد,115,11500001,115000010005
11500002001490,اشترینان,اشترینان,115,11500002,115000020001
11500002001492,بروجرد,بروجرد,115,11500002,115000020002
11500002002688,بروجرد1,بروجرد1,115,11500002,115000020002
11500002002689,بروجرد2,بروجرد2,115,11500002,115000020002
11500002002971,ونایی,ونایی,115,11500002,115000020001
11500002002988,بروجرد 3,بروجرد-3,115,11500002,115000020002
11500003001496,خرم آباد,خرم-آباد,115,11500003,115000030006
11500003002361,زاغه,زاغه,115,11500003,115000030005
11500003002474,سپیددشت,سپیددشت,115,11500003,115000030002
11500003002475,بیران شهر,بیران-شهر,115,11500003,115000030003
11500003002685,خرم آباد1,خرم-آباد1,115,11500003,115000030006
11500003002686,خرم آباد2,خرم-آباد2,115,11500003,115000030006
11500003002687,خرم آباد3,خرم-آباد3,115,11500003,115000030006
11500004001494,نورآباد,نورآباد,115,11500004,115000040002
11500004002727,هفت چشمه,هفت-چشمه,115,11500004,115000040001
11500004002995,برخوردار,برخوردار,115,11500004,115000040003
11500005001491,دورود,دورود,115,11500005,115000050002
11500005002363,چالانچولان,چالانچولان,115,11500005,115000050001
11500006001495,کوهدشت,کوهدشت,115,11500006,115000060003
11500006002257,گراب,گراب,115,11500006,115000060002
11500006002364,کوهنانی,کوهنانی,115,11500006,115000060004
11500006002615,درب گنبد,درب-گنبد,115,11500006,115000060005
11500007001488,ازنا,ازنا,115,11500007,115000070002
11500007002365,مومن آباد,مومن-آباد,115,11500007,115000070001
11500008001497,پلدختر,پلدختر,115,11500008,115000080001
11500008002996,سراب حمام,سراب-حمام,115,11500008,115000080001
11500009001493,الشتر,الشتر,115,11500009,115000090002
11500009002367,فیروزآباد,فیروزآباد,115,11500009,115000090001
11500010002255,سراب دوره,سراب-دوره,115,11500010,115000100001
11500010002362,ویسیان,ویسیان,115,11500010,115000100003
11500010002973,چم پلک,چم-پلک,115,11500010,115000100002
11500011002256,چقابل,چقابل,115,11500011,115000110002
11500011002972,سوری,سوری,115,11500011,115000110001
11500012002366,معمولان,معمولان,115,11500012,115000120001
11600001001500,ایلام,ایلام,116,11600001,116000010003
11600001001659,ایلام 1,ایلام-1,116,11600001,116000010003
11600001001660,ایلام 2,ایلام-2,116,11600001,116000010003
11600001002974,جعفراباد,جعفراباد,116,11600001,116000010004
11600002001503,دره شهر,دره-شهر,116,11600002,116000020003
11600002002849,ماژین,ماژین,116,11600002,116000020004
11600003001063,دشت عباس,دشت-عباس,116,11600003,116000030005
11600003001504,میمه,میمه,116,11600003,116000030004
11600003001505,دهلران,دهلران,116,11600003,116000030002
11600003001506,موسیان,موسیان,116,11600003,116000030003
11600003002127,پهله,پهله,116,11600003,116000030001
11600004001507,سرابله,سرابله,116,11600004,116000040002
11600004002617,آسمان آباد,آسمان-آباد,116,11600004,116000040006
11600004002850,شباب,شباب,116,11600004,116000040004
11600004002851,بلاوه,بلاوه,116,11600004,116000040005
11600005001509,صالح آباد,صالح-آباد,116,11600005,116000050002
11600005001510,مهران,مهران,116,11600005,116000050003
11600006001501,آبدانان,آبدانان,116,11600006,116000060002
11600006002056,سراب باغ,سراب-باغ,116,11600006,116000060003
11600006002616,مورموری,مورموری,116,11600006,116000060001
11600007001498,ایوان,ایوان,116,11600007,116000070002
11600007002476,زرنه,زرنه,116,11600007,116000070001
11600008001508,ارکواز,ارکواز,116,11600008,116000080001
11600008002028,دلگشا,دلگشا,116,11600008,116000080002
11600008002745,مهر,مهر,116,11600008,116000080002
11600009002155,لومار,لومار,116,11600009,116000090001
11600010001502,بدره,بدره,116,11600010,116000100001
11600010002909,چشمه شیرین,چشمه-شیرین,116,11600010,116000100002
11600011002574,توحید,توحید,116,11600011,116000110001
11600012001499,چوار,چوار,116,11600012,116000120001
11700001001080,سپیدار,سپیدار,117,11700001,117000010006
11700001001512,یاسوج,یاسوج,117,11700001,117000010003
11700001002083,چیتاب,چیتاب,117,11700001,117000010005
11700001002478,گراب سفلی,گراب-سفلی,117,11700001,117000010004
11700002001514,دهدشت,دهدشت,117,11700002,117000020005
11700002002156,سوق,سوق,117,11700002,117000020007
11700002002479,قلعه رییسی,قلعه-رییسی,117,11700002,117000020002
11700002002480,دیشموک,دیشموک,117,11700002,117000020006
11700003001515,دوگنبدان,دوگنبدان,117,11700003,117000030002
11700004001511,سی سخت,سی-سخت,117,11700004,117000040003
11700004002084,پاتاوه,پاتاوه,117,11700004,117000040001
11700005001081,قلعه ممبی,قلعه-ممبی,117,11700005,117000050003
11700005001082,سرآسیاب یوسفی,سرآسیاب-یوسفی,117,11700005,117000050001
11700005002368,لیکک,لیکک,117,11700005,117000050002
11700006001513,چرام,چرام,117,11700006,117000060001
11700006002828,سرفاریاب,سرفاریاب,117,11700006,117000060002
11700007002130,باشت,باشت,117,11700007,117000070001
11700007002917,بوستان,بوستان,117,11700007,117000070002
11700008002129,لنده,لنده,117,11700008,117000080001
11700009002477,مارگون,مارگون,117,11700009,117000090001
11800001001516,خارک,خارک,118,11800001,118000010001
11800001001517,بوشهر,بوشهر,118,11800001,118000010002
11800001002481,چغادک,چغادک,118,11800001,118000010003
11800001002692,بوشهر1,بوشهر1,118,11800001,118000010002
11800001002693,بوشهر2,بوشهر2,118,11800001,118000010002
11800001002867,عالی شهر,عالی-شهر,118,11800001,118000010002
11800002001518,اهرم,اهرم,118,11800002,118000020002
11800002002258,دلوار,دلوار,118,11800002,118000020001
11800002002816,آباد,آباد,118,11800002,118000020002
11800003001519,سعد آباد,سعد-آباد,118,11800003,118000030001
11800003001520,برازجان,برازجان,118,11800003,118000030003
11800003002157,شبانکاره,شبانکاره,118,11800003,118000030002
11800003002308,آب پخش,آب-پخش,118,11800003,118000030006
11800003002369,دالکی,دالکی,118,11800003,118000030003
11800003002482,وحدتیه,وحدتیه,118,11800003,118000030001
11800003002618,تنگ ارم,تنگ-ارم,118,11800003,118000030004
11800003002619,کلمه,کلمه,118,11800003,118000030005
11800003002817,بوشکان,بوشکان,118,11800003,118000030005
11800004001521,خورموج,خورموج,118,11800004,118000040002
11800004002050,شنبه,شنبه,118,11800004,118000040003
11800004002131,کاکی,کاکی,118,11800004,118000040001
11800004002818,بادوله,بادوله,118,11800004,118000040001
11800005001522,بندردیر,بندردیر,118,11800005,118000050002
11800005002483,بردخون,بردخون,118,11800005,118000050001
11800005002484,آبدان,آبدان,118,11800005,118000050003
11800005002737,بردستان,بردستان,118,11800005,118000050002
11800005002819,دوراهک,دوراهک,118,11800005,118000050002
11800006001076,شیرینو,شیرینو,118,11800006,118000060003
11800006001523,بندرکنگان,بندرکنگان,118,11800006,118000060002
11800006002620,بنک,بنک,118,11800006,118000060002
11800006002661,سیراف,سیراف,118,11800006,118000060003
11800007001525,بندرریگ,بندرریگ,118,11800007,118000070002
11800007001526,بندرگناوه,بندرگناوه,118,11800007,118000070003
11800008001524,بندردیلم,بندردیلم,118,11800008,118000080002
11800008002370,امام حسن,امام-حسن,118,11800008,118000080001
11800009002087,انارستان,انارستان,118,11800009,118000090001
11800009002259,جم,جم,118,11800009,118000090002
11800009002662,ریز,ریز,118,11800009,118000090001
11800009002933,بهارستان,بهارستان,118,11800009,118000090002
11800010002621,عسلویه,عسلویه,118,11800010,118000100001
11800010002622,نخل تقی,نخل-تقی,118,11800010,118000100001
11800010002878,چاه مبارک,چاه-مبارک,118,11800010,118000100002
11800010002932,بیدخون,بیدخون,118,11800010,118000100001
11900001001528,ابهر,ابهر,119,11900001,119000010003
11900001001530,صایین قلعه,صایین-قلعه,119,11900001,119000010003
11900001001531,هیدج,هیدج,119,11900001,119000010003
11900003001533,قیدار,قیدار,119,11900003,119000030003
11900003002039,سهرورد,سهرورد,119,11900003,119000030003
11900003002260,گرماب,گرماب,119,11900003,119000030001
11900003002371,سجاس,سجاس,119,11900003,119000030004
11900003002376,زرین رود,زرین-رود,119,11900003,119000030002
11900003002832,کرسف,کرسف,119,11900003,119000030003
11900003002833,نوربهار,نوربهار,119,11900003,119000030003
11900004001534,زنجان,زنجان,119,11900004,119000040005
11900004001664,زنجان 1,زنجان-1,119,11900004,119000040005
11900004001665,زنجان 2,زنجان-2,119,11900004,119000040005
11900004002038,ارمغانخانه,ارمغانخانه,119,11900004,119000040006
11900004002384,زنجان 3,زنجان-3,119,11900004,119000040005
11900004002764,نیک پی,نیک-پی,119,11900004,119000040002
11900004002958,زنجان 4,زنجان-4,119,11900004,119000040005
11900006002327,زرین آباد,زرین-آباد,119,11900006,119000060002
11900006002485,حلب,حلب,119,11900006,119000060001
11900007001529,خرمدره,خرمدره,119,11900007,119000070001
11900008001085,گیلوان,گیلوان,119,11900008,119000080003
11900008002262,آب بر,آب-بر,119,11900008,119000080002
11900008002486,چورزق,چورزق,119,11900008,119000080001
11900009002207,ماه نشان,ماه-نشان,119,11900009,119000090002
11900009002261,دندی,دندی,119,11900009,119000090001
11900010001084,گوزلدره‌ سفلی,گوزلدره-سفلی,119,11900010,119000100002
11900010001527,سلطانیه,سلطانیه,119,11900010,119000100001
12000001001540,دامغان,دامغان,120,12000001,120000010002
12000001002263,امیریه,امیریه,120,12000001,120000010001
12000001002264,دیباج,دیباج,120,12000001,120000010002
12000001002759,کلاته,کلاته,120,12000001,120000010002
12000002001542,سمنان,سمنان,120,12000002,120000020001
12000003001545,بسطام,بسطام,120,12000003,120000030001
12000003001546,مجن,مجن,120,12000003,120000030001
12000003001547,شاهرود,شاهرود,120,12000003,120000030003
12000003002160,کلاته خیج,کلاته-خیج,120,12000003,120000030001
12000003002161,بیارجمند,بیارجمند,120,12000003,120000030002
12000003002775,رودیان,رودیان,120,12000003,120000030003
12000004001548,ایوانکی,ایوانکی,120,12000004,120000040001
12000004001550,گرمسار,گرمسار,120,12000004,120000040002
12000005001543,شهمیرزاد,شهمیرزاد,120,12000005,120000050001
12000005001544,مهدی شهر,مهدی-شهر,120,12000005,120000050002
12000005002022,درجزین,درجزین,120,12000005,120000050002
12000006001549,آرادان,آرادان,120,12000006,120000060001
12000006002768,کهن آباد,کهن-آباد,120,12000006,120000060002
12000007002162,میامی,میامی,120,12000007,120000070001
12000007002990,رضوان,رضوان,120,12000007,120000070002
12000008001541,سرخه,سرخه,120,12000008,120000080001
12100001001551,اردکان,اردکان,121,12100001,121000010002
12100001002265,احمد‌آباد,احمدآباد,121,12100001,121000010002
12100001002623,عقدا,عقدا,121,12100001,121000010003
12100001002984,خرانق,خرانق,121,12100001,121000010001
12100002001554,بافق,بافق,121,12100002,121000020002
12100003001555,تفت,تفت,121,12100003,121000030002
12100003001556,نیر,نیر,121,12100003,121000030003
12100003002976,بخ,بخ,121,12100003,121000030004
12100004001558,مهریز,مهریز,121,12100004,121000040001
12100005001016,یزد 4,یزد-4,121,12100005,121000050003
12100005001017,یزد_منطقه تاریخی,یزد_منطقه-تاریخی,121,12100005,121000050003
12100005001562,یزد,یزد,121,12100005,121000050003
12100005001657,یزد 1,یزد-1,121,12100005,121000050003
12100005001658,یزد 2,یزد-2,121,12100005,121000050003
12100005002126,شاهدیه,شاهدیه,121,12100005,121000050003
12100005002163,حمیدیا,حمیدیا,121,12100005,121000050003
12100005002525,یزد 3,یزد-3,121,12100005,121000050003
12100006001552,میبد,میبد,121,12100006,121000060001
12100006002024,بفروییه,بفروییه,121,12100006,121000060003
12100006002322,ندوشن,ندوشن,121,12100006,121000060002
12100007001293,ابرکوه,ابرکوه,121,12100007,121000070002
12100007002372,مهردشت,مهردشت,121,12100007,121000070001
12100008001560,اشکذر,اشکذر,121,12100008,121000080002
12100008002377,خضرآباد,خضرآباد,121,12100008,121000080001
12100008002985,مجومرد,مجومرد,121,12100008,121000080002
12100009001559,هرات,هرات,121,12100009,121000090001
12100011001553,بهاباد,بهاباد,121,12100011,121000110002
12100012001557,مروست,مروست,121,12100012,121000120002
12100013001561,زارچ,زارچ,121,12100013,121000130001
12200001001086,تنب بزرگ,تنب-بزرگ,122,12200001,122000010001
12200001001563,ابوموسی,ابوموسی,122,12200001,122000010002
12200002001087,شمیل,شمیل,122,12200002,122000020008
12200002001089,بندرعباس  4,بندرعباس-4,122,12200002,122000020004
12200002001567,بندر عباس,بندر-عباس,122,12200002,122000020004
12200002001572,هرمز,هرمز,122,12200002,122000020007
12200002001697,بندر عباس  1,بندر-عباس-1,122,12200002,122000020004
12200002001698,بندر عباس  2,بندر-عباس-2,122,12200002,122000020004
12200002002063,قلعه قاضی,قلعه-قاضی,122,12200002,122000020006
12200002002088,تخت,تخت,122,12200002,122000020005
12200002002091,بندر عباس  3,بندر-عباس-3,122,12200002,122000020004
12200002002307,فین,فین,122,12200002,122000020003
12200002002812,تازیان پایین,تازیان-پایین,122,12200002,122000020004
12200003001570,کنگ,کنگ,122,12200003,122000030005
12200003001571,بندر لنگه,بندر-لنگه,122,12200003,122000030005
12200003002193,کیش,کیش,122,12200003,122000030003
12200003002266,چارک,چارک,122,12200003,122000030002
12200003002813,لمزان,لمزان,122,12200003,122000030006
12200004001033,رمکان,رمکان,122,12200004,122000040002
12200004001034,لافت,لافت,122,12200004,122000040002
12200004001573,قشم,قشم,122,12200004,122000040002
12200004002487,سوزا,سوزا,122,12200004,122000040001
12200004002627,درگهان,درگهان,122,12200004,122000040002
12200004002940,طبل,طبل,122,12200004,122000040004
12200005001035,زهوکی,زهوکی,122,12200005,122000050005
12200005001036,کرگان,کرگان,122,12200005,122000050005
12200005001575,میناب,میناب,122,12200005,122000050003
12200005002003,هشتبندی,هشتبندی,122,12200005,122000050004
12200005002064,سندرک,سندرک,122,12200005,122000050002
12200005002814,تیرور,تیرور,122,12200005,122000050003
12200005002910,بند زرک,بند-زرک,122,12200005,122000050005
12200006001565,بندر جاسک,بندر-جاسک,122,12200006,122000060002
12200006002872,لیردف,لیردف,122,12200006,122000060003
12200007001574,دهبارز,دهبارز,122,12200007,122000070002
12200007002006,بیکاء,بیکاء,122,12200007,122000070004
12200007002663,زیارتعلی,زیارتعلی,122,12200007,122000070001
12200007002911,بالا شهر,بالا-شهر,122,12200007,122000070003
12200008001566,حاجی آباد,حاجی-آباد,122,12200008,122000080002
12200008002092,سرگز,سرگز,122,12200008,122000080003
12200008002626,فارغان,فارغان,122,12200008,122000080001
12200009001568,بستک,بستک,122,12200009,122000090002
12200009002625,جناح,جناح,122,12200009,122000090001
12200009002959,هنگوییه,هنگوییه,122,12200009,122000090001
12200009002960,کوهیچ,کوهیچ,122,12200009,122000090002
12200010001088,کهورستان,کهورستان,122,12200010,122000100003
12200010001564,خمیر,خمیر,122,12200010,122000100002
12200010002005,رویدر,رویدر,122,12200010,122000100001
12200010002939,پل,پل,122,12200010,122000100002
12200011001569,پارسیان,پارسیان,122,12200011,122000110002
12200011002004,کوشکنار,کوشکنار,122,12200011,122000110001
12200011002751,دشتی,دشتی,122,12200011,122000110002
12200012002267,سیریک,سیریک,122,12200012,122000120002
12200012002724,گروک,گروک,122,12200012,122000120002
12200012002815,کوهستک,کوهستک,122,12200012,122000120001
12200013002061,سردشت,سردشت,122,12200013,122000130001
12200013002062,گوهران,گوهران,122,12200013,122000130002
12300001001576,تهران,تهران,123,12300001,123000010002
12300001001601,تهران 1,تهران-1,123,12300001,123000010002
12300001001602,تهران 2,تهران-2,123,12300001,123000010002
12300001001603,تهران 3,تهران-3,123,12300001,123000010002
12300001001604,تهران 4,تهران-4,123,12300001,123000010002
12300001001605,تهران 5,تهران-5,123,12300001,123000010002
12300001001606,تهران 6,تهران-6,123,12300001,123000010002
12300001001607,تهران 7,تهران-7,123,12300001,123000010002
12300001001608,تهران 8,تهران-8,123,12300001,123000010002
12300001001609,تهران 9,تهران-9,123,12300001,123000010002
12300001001610,تهران 10,تهران-10,123,12300001,123000010002
12300001001611,تهران 11,تهران-11,123,12300001,123000010002
12300001001612,تهران 12,تهران-12,123,12300001,123000010002
12300001001613,تهران 13,تهران-13,123,12300001,123000010002
12300001001614,تهران 14,تهران-14,123,12300001,123000010002
12300001001615,تهران 15,تهران-15,123,12300001,123000010002
12300001001616,تهران 16,تهران-16,123,12300001,123000010002
12300001001617,تهران 17,تهران-17,123,12300001,123000010002
12300001001618,تهران 18,تهران-18,123,12300001,123000010002
12300001001619,تهران 19,تهران-19,123,12300001,123000010002
12300001001620,تهران 20,تهران-20,123,12300001,123000010002
12300001002225,تهران 21,تهران-21,123,12300001,123000010002
12300001002226,تهران 22,تهران-22,123,12300001,123000010002
12300002001578,دماوند,دماوند,123,12300002,123000020002
12300002001579,رودهن,رودهن,123,12300002,123000020003
12300002001580,کیلان,کیلان,123,12300002,123000020002
12300002002269,آبسرد,آبسرد,123,12300002,123000020002
12300002002629,آبعلی,آبعلی,123,12300002,123000020003
12300003002115,ری,ری,123,12300003,123000030004
12300003002167,حسن‌آباد,حسنآباد,123,12300003,123000030002
12300003002270,باقرشهر,باقرشهر,123,12300003,123000030003
12300003002488,کهریزک,کهریزک,123,12300003,123000030003
12300003002886,قیام‌دشت,قیامدشت,123,12300003,123000030005
12300003002887,قلعه‌نو,قلعهنو,123,12300003,123000030006
12300004001582,فشم,فشم,123,12300004,123000040001
12300004001583,لواسان,لواسان,123,12300004,123000040002
12300004002117,تجریش,تجریش,123,12300004,123000040001
12300004002778,شمشک,شمشک,123,12300004,123000040001
12300006001594,ورامین,ورامین,123,12300006,123000060003
12300006002168,جوادآباد,جوادآباد,123,12300006,123000060002
12300009001588,شهریار,شهریار,123,12300009,123000090002
12300009002277,صباشهر,صباشهر,123,12300009,123000090002
12300009002293,وحیدیه,وحیدیه,123,12300009,123000090003
12300009002303,شاهدشهر,شاهدشهر,123,12300009,123000090002
12300009002491,فردوسیه,فردوسیه,123,12300009,123000090003
12300009002632,باغستان,باغستان,123,12300009,123000090002
12300009002633,اندیشه,اندیشه,123,12300009,123000090002
12300009002694,شهریار1,شهریار1,123,12300009,123000090002
12300009002695,شهریار2,شهریار2,123,12300009,123000090002
12300009002696,شهریار3,شهریار3,123,12300009,123000090002
12300010001050,اسلام‌شهر 6,اسلامشهر-6,123,12300010,123000100002
12300010001581,اسلامشهر,اسلامشهر,123,12300010,123000100002
12300010002289,اسلام‌شهر1,اسلامشهر1,123,12300010,123000100002
12300010002290,اسلام‌شهر2,اسلامشهر2,123,12300010,123000100002
12300010002489,چهاردانگه,چهاردانگه,123,12300010,123000100001
12300010002560,اسلام‌شهر3,اسلامشهر3,123,12300010,123000100002
12300010002770,احمد‌آباد مستوفی,احمدآباد-مستوفی,123,12300010,123000100003
12300012001585,رباط‌کریم,رباطکریم,123,12300012,123000120002
12300012002666,نصیرشهر,نصیرشهر,123,12300012,123000120002
12300012002826,پرند,پرند,123,12300012,123000120002
12300013001052,پاکدشت 1,پاکدشت-1,123,12300013,123000130002
12300013001053,پاکدشت 2,پاکدشت-2,123,12300013,123000130002
12300013002120,پاکدشت,پاکدشت,123,12300013,123000130002
12300013002490,شریف آباد,شریف-آباد,123,12300013,123000130001
12300013002705,فرون‌آباد,فرونآباد,123,12300013,123000130002
12300014001577,فیروزکوه,فیروزکوه,123,12300014,123000140002
12300014002634,ارجمند,ارجمند,123,12300014,123000140001
12300016002116,قدس,قدس,123,12300016,123000160001
12300017002217,ملارد,ملارد,123,12300017,123000170001
12300017002373,صفادشت,صفادشت,123,12300017,123000170002
12300018001592,پیشوا,پیشوا,123,12300018,123000180001
12300018002989,جلیل‌آباد,جلیلآباد,123,12300018,123000180002
12300019002208,نسیم شهر,نسیم-شهر,123,12300019,123000190002
12300019002278,گلستان,گلستان,123,12300019,123000190001
12300019002665,صالحیه,صالحیه,123,12300019,123000190001
12300020001040,سعیدآباد,سعیدآباد,123,12300020,123000200002
12300020001051,خسروآباد,خسروآباد,123,12300020,123000200002
12300020002268,بومهن,بومهن,123,12300020,123000200001
12300020002628,پردیس,پردیس,123,12300020,123000200003
12300021001593,قرچک,قرچک,123,12300021,123000210001
12400001001195,اردبیل,اردبیل,124,12400001,124000010001
12400001001662,اردبیل 1,اردبیل-1,124,12400001,124000010001
12400001001663,اردبیل 2,اردبیل-2,124,12400001,124000010001
12400001002299,هیر,هیر,124,12400001,124000010004
12400001002575,اردبیل 3,اردبیل-3,124,12400001,124000010001
12400001002852,اردبیل 4,اردبیل-4,124,12400001,124000010001
12400001002873,اردبیل 5,اردبیل-5,124,12400001,124000010001
12400001002882,ثمرین,ثمرین,124,12400001,124000010006
12400001002949,آراللو,آراللو,124,12400001,124000010004
12400002001230,بیله سوار,بیله-سوار,124,12400002,124000020001
12400002002209,جعفرآباد,جعفرآباد,124,12400002,124000020002
12400003001219,خلخال,خلخال,124,12400003,124000030004
12400003002164,هشتجین,هشتجین,124,12400003,124000030001
12400003002165,کلور,کلور,124,12400003,124000030003
12400004001229,مشگین شهر,مشگین-شهر,124,12400004,124000040002
12400004002300,رضی,رضی,124,12400004,124000040001
12400004002301,لاهرود,لاهرود,124,12400004,124000040003
12400004002704,فخراباد,فخراباد,124,12400004,124000040003
12400004002723,مرادلو,مرادلو,124,12400004,124000040004
12400004002749,قصابه,قصابه,124,12400004,124000040005
12400004002948,النی,النی,124,12400004,124000040002
12400005001232,گرمی,گرمی,124,12400005,124000050004
12400005002880,زهرا,زهرا,124,12400005,124000050005
12400006001032,اولتان,اولتان,124,12400006,124000060001
12400006001231,پارس آباد,پارس-آباد,124,12400006,124000060001
12400006002029,مغان سر,مغان-سر,124,12400006,124000060003
12400006002750,اسلام اباد,اسلام-اباد,124,12400006,124000060004
12400007001073,فیروزآباد,فیروزآباد,124,12400007,124000070002
12400007001218,گیوی,گیوی,124,12400007,124000070001
12400008001197,نمین,نمین,124,12400008,124000080002
12400008002493,آبی بیگلو,آبی-بیگلو,124,12400008,124000080001
12400008002576,عنبران,عنبران,124,12400008,124000080003
12400009001198,نیر,نیر,124,12400009,124000090001
12400009002636,کوراییم,کوراییم,124,12400009,124000090002
12400010001196,سرعین,سرعین,124,12400010,124000100001
12400010002881,اردیموسی,اردیموسی,124,12400010,124000100002
12400011001074,بران علیا,بران-علیا,124,12400011,124000110002
12400011002166,اصلاندوز,اصلاندوز,124,12400011,124000110001
12400012001065,زیوه,زیوه,124,12400012,124000120002
12400012002492,تازه کندانگوت,تازه-کندانگوت,124,12400012,124000120001
12500001001114,قم,قم,125,12500001,125000010003
12500001002027,سلفچگان,سلفچگان,125,12500001,125000010005
12500001002096,قم 5,قم-5,125,12500001,125000010003
12500001002097,قم 6,قم-6,125,12500001,125000010003
12500001002221,قم 1,قم-1,125,12500001,125000010003
12500001002222,قم 2,قم-2,125,12500001,125000010003
12500001002223,قم 3,قم-3,125,12500001,125000010003
12500001002224,قم 4,قم-4,125,12500001,125000010003
12500001002515,دستجرد,دستجرد,125,12500001,125000010002
12500001002516,قنوات,قنوات,125,12500001,125000010003
12500001002810,قم 7,قم-7,125,12500001,125000010003
12500001002811,قم 8,قم-8,125,12500001,125000010003
12500002001062,قاهان,قاهان,125,12500002,125000020002
12500002002274,جعفریه,جعفریه,125,12500002,125000020001
12500003002275,کهک,کهک,125,12500003,125000030001
12600001001537,بویین زهرا,بویین-زهرا,126,12600001,126000010004
12600001001538,شال,شال,126,12600001,126000010003
12600001002159,دانسفهان,دانسفهان,126,12600001,126000010002
12600001002577,ارداق,ارداق,126,12600001,126000010006
12600001002638,سگزآباد,سگزآباد,126,12600001,126000010004
12600001002991,عصمت آباد,عصمت-آباد,126,12600001,126000010004
12600002001532,تاکستان,تاکستان,126,12600002,126000020004
12600002002114,اسفرورین,اسفرورین,126,12600002,126000020001
12600002002158,ضیاآباد,ضیاآباد,126,12600002,126000020003
12600002002374,خرمدشت,خرمدشت,126,12600002,126000020002
12600002002639,نرجه,نرجه,126,12600002,126000020004
12600003001595,قزوین,قزوین,126,12600003,126000030005
12600003002125,اقبالیه,اقبالیه,126,12600003,126000030005
12600003002291,قزوین 1,قزوین-1,126,12600003,126000030005
12600003002292,قزوین 2,قزوین-2,126,12600003,126000030005
12600003002375,محمودآبادنمونه,محمودآبادنمونه,126,12600003,126000030005
12600003002494,معلم کلایه,معلم-کلایه,126,12600003,126000030002
12600003002495,رازمیان,رازمیان,126,12600003,126000030003
12600003002520,قزوین 3,قزوین-3,126,12600003,126000030005
12600003002579,کوهین,کوهین,126,12600003,126000030007
12600003002667,سیردان,سیردان,126,12600003,126000030004
12600003002703,قزوین 4,قزوین-4,126,12600003,126000030005
12600004001535,آبیک,آبیک,126,12600004,126000040002
12600004002637,خاکعلی,خاکعلی,126,12600004,126000040001
12600004002992,زیاران,زیاران,126,12600004,126000040002
12600004002993,قشلاق,قشلاق,126,12600004,126000040002
12600005001539,الوند,الوند,126,12600005,126000050002
12600005002040,شریفیه,شریفیه,126,12600005,126000050001
12600005002218,محمدیه,محمدیه,126,12600005,126000050001
12600005002578,بیدستان,بیدستان,126,12600005,126000050001
12600006001536,آوج,آوج,126,12600006,126000060001
12600006002517,آبگرم,آبگرم,126,12600006,126000060002
12700001001178,بندرگز,بندرگز,127,12700001,127000010001
12700001002194,نوکنده,نوکنده,127,12700001,127000010002
12700002001156,بندرترکمن,بندرترکمن,127,12700002,127000020002
12700002002975,سیجوال,سیجوال,127,12700002,127000020003
12700003001174,علی آباد,علی-آباد,127,12700003,127000030001
12700003002507,فاضل آباد,فاضل-آباد,127,12700003,127000030002
12700003002836,مزرعه,مزرعه,127,12700003,127000030001
12700003002837,سنگدوین,سنگدوین,127,12700003,127000030001
12700004001179,کردکوی,کردکوی,127,12700004,127000040001
12700005001181,گرگان,گرگان,127,12700005,127000050002
12700005002018,جلین,جلین,127,12700005,127000050002
12700005002508,سرخنکلاته,سرخنکلاته,127,12700005,127000050003
12700005002697,گرگان 1,گرگان-1,127,12700005,127000050002
12700005002698,گرگان 2,گرگان-2,127,12700005,127000050002
12700005002866,گرگان 3,گرگان-3,127,12700005,127000050002
12700005002868,قرق,قرق,127,12700005,127000050003
12700006001030,کرند,کرند,127,12700006,127000060002
12700006001095,گنبدکاووس 1,گنبدکاووس-1,127,12700006,127000060004
12700006001096,گنبدکاووس 2,گنبدکاووس-2,127,12700006,127000060004
12700006001186,گنبدکاووس,گنبدکاووس,127,12700006,127000060004
12700006002496,اینچه برون,اینچه-برون,127,12700006,127000060002
12700007001071,القجر,القجر,127,12700007,127000070004
12700007001188,مینودشت,مینودشت,127,12700007,127000070004
12700007002883,دوزین,دوزین,127,12700007,127000070005
12700008001180,آق قلا,آق-قلا,127,12700008,127000080002
12700008002509,انبار آلوم,انبار-آلوم,127,12700008,127000080001
12700009001185,کلاله,کلاله,127,12700009,127000090002
12700009002835,فراغی,فراغی,127,12700009,127000090003
12700010001182,آزادشهر,آزادشهر,127,12700010,127000100002
12700010002581,نوده خاندوز,نوده-خاندوز,127,12700010,127000100001
12700010002640,نگین شهر,نگین-شهر,127,12700010,127000100002
12700011001183,خان ببین,خان-ببین,127,12700011,127000110001
12700011001184,رامیان,رامیان,127,12700011,127000110002
12700011002195,دلند,دلند,127,12700011,127000110002
12700011002765,تاتار علیا,تاتار-علیا,127,12700011,127000110002
12700012002498,مراوه,مراوه,127,12700012,127000120001
12700012002885,گلیداغ,گلیداغ,127,12700012,127000120002
12700013001155,گمیش تپه,گمیش-تپه,127,12700013,127000130001
12700013002580,سیمین شهر,سیمین-شهر,127,12700013,127000130002
12700014001070,ینقاق,ینقاق,127,12700014,127000140001
12700014001187,گالیکش,گالیکش,127,12700014,127000140001
12700014002884,صادق آباد,صادق-آباد,127,12700014,127000140002
12800001001349,اسفراین,اسفراین,128,12800001,128000010002
12800002001353,بجنورد,بجنورد,128,12800002,128000020004
12800002002431,حصارگرمخان,حصارگرمخان,128,12800002,128000020005
12800002002699,بجنورد1,بجنورد1,128,12800002,128000020004
12800002002700,بجنورد2,بجنورد2,128,12800002,128000020004
12800002002847,چناران شهر,چناران-شهر,128,12800002,128000020004
12800003001350,جاجرم,جاجرم,128,12800003,128000030003
12800003002432,سنخواست,سنخواست,128,12800003,128000030001
12800003002433,شوقان,شوقان,128,12800003,128000030002
12800004001038,خانلق,خانلق,128,12800004,128000040002
12800004001368,شیروان,شیروان,128,12800004,128000040002
12800004002435,لوجلی,لوجلی,128,12800004,128000040001
12800004002845,زیارت,زیارت,128,12800004,128000040002
12800004002846,قوشخانه,قوشخانه,128,12800004,128000040003
12800005001377,فاروج,فاروج,128,12800005,128000050002
12800005002079,تیتکانلو,تیتکانلو,128,12800005,128000050001
12800006001352,آشخانه,آشخانه,128,12800006,128000060003
12800006002567,قاضی,قاضی,128,12800006,128000060001
12800006002848,آوا,آوا,128,12800006,128000060001
12800007002053,ایور,ایور,128,12800007,128000070001
12800007002054,گرمه,گرمه,128,12800007,128000070001
12800007002641,درق,درق,128,12800007,128000070001
12800008002132,راز,راز,128,12800008,128000080001
12800008002942,غلامان,غلامان,128,12800008,128000080002
12800008002943,یکه سعود,یکه-سعود,128,12800008,128000080003
12800009002430,صفی آباد,صفی-آباد,128,12800009,128000090001
12800010002568,پیش قلعه,پیش-قلعه,128,12800010,128000100001
12900001001355,بیرجند,بیرجند,129,12900001,129000010004
12900001002701,بیرجند1,بیرجند1,129,12900001,129000010004
12900001002702,بیرجند2,بیرجند2,129,12900001,129000010004
12900002002051,قهستان,قهستان,129,12900002,129000020001
12900002002052,طبس مسینا,طبس-مسینا,129,12900002,129000020002
12900002002276,اسدیه,اسدیه,129,12900002,129000020003
12900002002725,گزیک,گزیک,129,12900002,129000020002
12900003001354,سربیشه,سربیشه,129,12900003,129000030001
12900003002642,مود,مود,129,12900003,129000030002
12900003002897,درح,درح,129,12900003,129000030003
12900004001374,خضری دشت بیاض,خضری-دشت-بیاض,129,12900004,129000040003
12900004001375,قاین,قاین,129,12900004,129000040002
12900004002643,اسفدن,اسفدن,129,12900004,129000040002
12900004002645,آرین شهر,آرین-شهر,129,12900004,129000040005
12900004002646,نیمبلوک,نیمبلوک,129,12900004,129000040003
12900005001356,نهبندان,نهبندان,129,12900005,129000050002
12900005002441,شوسف,شوسف,129,12900005,129000050001
12900006001371,سرایان,سرایان,129,12900006,129000060001
12900006002346,آیسک,آیسک,129,12900006,129000060001
12900006002563,سه قلعه,سه-قلعه,129,12900006,129000060002
12900007001002,باغستان,باغستان,129,12900007,129000070003
12900007001372,اسلامیه,اسلامیه,129,12900007,129000070003
12900007001373,فردوس,فردوس,129,12900007,129000070004
12900008001370,بشرویه,بشرویه,129,12900008,129000080001
12900008002726,ارسک,ارسک,129,12900008,129000080002
12900009002347,حاجی آباد,حاجی-آباد,129,12900009,129000090001
12900009002644,زهان,زهان,129,12900009,129000090002
12900009002898,آبیز,آبیز,129,12900009,129000090003
12900010001003,ماژان,ماژان,129,12900010,129000100002
12900010002242,خوسف,خوسف,129,12900010,129000100001
12900011001369,طبس,طبس,129,12900011,129000110002
12900011002624,دیهوک,دیهوک,129,12900011,129000110003
12900012002345,عشق آباد,عشق-آباد,129,12900012,129000120001
13000001001590,کرج,کرج,130,13000001,130000010001
13000001002070,آسارا,آسارا,130,13000001,130000010003
13000001002118,ماهدشت,ماهدشت,130,13000001,130000010001
13000001002272,کمال شهر,کمال-شهر,130,13000001,130000010001
13000001002273,محمدشهر,محمدشهر,130,13000001,130000010001
13000001002280,کرج 1,کرج-1,130,13000001,130000010001
13000001002281,کرج 2,کرج-2,130,13000001,130000010001
13000001002283,کرج 4,کرج-4,130,13000001,130000010001
13000001002284,کرج 5,کرج-5,130,13000001,130000010001
13000001002285,کرج 6,کرج-6,130,13000001,130000010001
13000001002286,کرج 7,کرج-7,130,13000001,130000010001
13000001002287,کرج 8,کرج-8,130,13000001,130000010001
13000001002288,کرج 9,کرج-9,130,13000001,130000010001
13000001002635,گرمدره,گرمدره,130,13000001,130000010001
13000001002766,کرج 10,کرج-10,130,13000001,130000010001
13000001002767,کرج 3,کرج-3,130,13000001,130000010001
13000002001587,هشتگرد,هشتگرد,130,13000002,130000020001
13000002002026,گلسار,گلسار,130,13000002,130000020001
13000002002630,کوهسار,کوهسار,130,13000002,130000020003
13000002002664,مهستان,مهستان,130,13000002,130000020001
13000003001586,نظرآباد,نظرآباد,130,13000003,130000030001
13000003002025,تنکمان,تنکمان,130,13000003,130000030002
13000004002169,طالقان,طالقان,130,13000004,130000040001
13000005001584,اشتهارد,اشتهارد,130,13000005,130000050001
13000005002981,پلنگ آباد,پلنگ-آباد,130,13000005,130000050002
13000006002271,مشکین‌دشت,مشکیندشت,130,13000006,130000060002
13000006002282,فردیس,فردیس,130,13000006,130000060001
13000006002540,فردیس 2,فردیس-2,130,13000006,130000060001
13000006002982,فردیس 1,فردیس-1,130,13000006,130000060001
13000007002631,چهارباغ,چهارباغ,130,13000007,130000070001
