county_id,county_name,province_id,center_name,latitude,longitude,source_id
1000001,اراک,100,اراک,34.09493,49.69809,geonames-iran-2026-09-19
1000002,آشتیان,100,آشتیان,34.52298,50.00608,geonames-iran-2026-09-19
1000003,تفرش,100,تفرش,34.69307,50.01601,geonames-iran-2026-09-19
1000004,خمین,100,خمین,33.63889,50.08003,geonames-iran-2026-09-19
1000005,دلیجان,100,دلیجان,33.9905,50.6838,geonames-iran-2026-09-19
1000006,ساوه,100,ساوه,35.0213,50.3566,geonames-iran-2026-09-19
1000007,شازند,100,شازند,33.93132,49.40629,geonames-iran-2026-09-19
1000009,محلات,100,محلات,33.91108,50.45317,geonames-iran-2026-09-19
1010001,آستارا,101,آستارا,38.43084,48.86994,geonames-iran-2026-09-19
1010002,آستانه اشرفیه,101,آستانه اشرفیه,37.26318,49.94325,geonames-iran-2026-09-19
1010003,بندرانزلی,101,بندرانزلی,37.47318,49.45785,geonames-iran-2026-09-19
1010004,طوالش,101,هشتپر (تالش),37.79658,48.90521,geonames-iran-2026-09-19
1010005,رشت,101,رشت,37.27611,49.58862,geonames-iran-2026-09-19
1010006,رودبار,101,رودبار,36.8211,49.4264,geonames-iran-2026-09-19
1010007,رودسر,101,رودسر,37.13696,50.29174,geonames-iran-2026-09-19
1010008,صومعه سرا,101,صومعه سرا,37.30134,49.31504,geonames-iran-2026-09-19
1010009,فومن,101,فومن,37.224,49.3125,geonames-iran-2026-09-19
1020001,آمل,102,آمل,36.46961,52.35072,geonames-iran-2026-09-19
1020002,بابل,102,بابل,36.55102,52.6786,geonames-iran-2026-09-19
1020004,بهشهر,102,بهشهر,36.69235,53.55262,geonames-iran-2026-09-19
1020005,تنکابن,102,تنکابن,36.81626,50.87376,geonames-iran-2026-09-19
1020006,رامسر,102,رامسر,36.91796,50.64802,geonames-iran-2026-09-19
1020007,ساری,102,ساری,36.56332,53.06009,geonames-iran-2026-09-19
1020008,سوادکوه,102,پل سفید,36.11787,53.05531,geonames-iran-2026-09-19
1030002,اهر,103,اهر,38.4774,47.0699,geonames-iran-2026-09-19
1030003,تبریز,103,تبریز,38.08,46.2919,geonames-iran-2026-09-19
1030005,سراب,103,سراب,37.9408,47.5367,geonames-iran-2026-09-19
1030006,مراغه,103,مراغه,37.39206,46.23909,geonames-iran-2026-09-19
1030007,مرند,103,مرند,38.4329,45.7749,geonames-iran-2026-09-19
1040001,ارومیه,104,ارومیه,37.55274,45.07605,geonames-iran-2026-09-19
1040002,پیرانشهر,104,پیرانشهر,36.701,45.1413,geonames-iran-2026-09-19
1040003,خوی,104,خوی,38.5503,44.9521,geonames-iran-2026-09-19
1040004,سردشت,104,سردشت,36.1552,45.4788,geonames-iran-2026-09-19
1040005,سلماس,104,سلماس,38.1973,44.7653,geonames-iran-2026-09-19
1040006,ماکو,104,ماکو,39.28992,44.46035,geonames-iran-2026-09-19
1040007,مهاباد,104,مهاباد,36.7631,45.7222,geonames-iran-2026-09-19
1040008,میاندوآب,104,میاندوآب,36.96667,46.10961,geonames-iran-2026-09-19
1040009,نقده,104,نقده,36.9553,45.388,geonames-iran-2026-09-19
1050001,اسلام آبادغرب,105,اسلام آبادغرب,34.1089,46.52988,geonames-iran-2026-09-19
1050002,کرمانشاه,105,کرمانشاه,34.31417,47.065,geonames-iran-2026-09-19
1050003,پاوه,105,پاوه,35.0434,46.3565,geonames-iran-2026-09-19
1050004,سرپل ذهاب,105,سرپل ذهاب,34.46109,45.86264,geonames-iran-2026-09-19
1050005,سنقر,105,سنقر,34.78187,47.59945,geonames-iran-2026-09-19
1050006,قصرشیرین,105,قصرشیرین,34.5156,45.5791,geonames-iran-2026-09-19
1050007,کنگاور,105,کنگاور,34.5043,47.9653,geonames-iran-2026-09-19
1050008,گیلانغرب,105,گیلانغرب,34.1421,45.9203,geonames-iran-2026-09-19
1050009,جوانرود,105,جوانرود,34.8067,46.4913,geonames-iran-2026-09-19
1060001,آبادان,106,آبادان,30.3392,48.3043,geonames-iran-2026-09-19
1060002,اندیمشک,106,اندیمشک,32.4615,48.35368,geonames-iran-2026-09-19
1060003,اهواز,106,اهواز,31.31901,48.6842,geonames-iran-2026-09-19
1060004,ایذه,106,ایذه,31.83027,49.86756,geonames-iran-2026-09-19
1060005,بندر ماهشهر,106,بندر ماهشهر,30.55655,49.18852,geonames-iran-2026-09-19
1060006,بهبهان,106,بهبهان,30.5959,50.2417,geonames-iran-2026-09-19
1060007,خرمشهر,106,خرمشهر,30.44079,48.18428,geonames-iran-2026-09-19
1060008,دزفول,106,دزفول,32.38114,48.40581,geonames-iran-2026-09-19
1060009,دشت آزادگان,106,سوسنگرد,31.5635,48.18958,geonames-iran-2026-09-19
1070001,آباده,107,آباده,31.1608,52.6506,geonames-iran-2026-09-19
1070002,استهبان,107,استهبان,29.1266,54.0421,geonames-iran-2026-09-19
1070003,اقلید,107,اقلید,30.89885,52.69701,geonames-iran-2026-09-19
1070004,جهرم,107,جهرم,28.5,53.5605,geonames-iran-2026-09-19
1070005,داراب,107,داراب,28.75171,54.54065,geonames-iran-2026-09-19
1070006,سپیدان,107,اردکان,30.25961,51.98491,geonames-iran-2026-09-19
1070007,شیراز,107,شیراز,29.61031,52.53113,geonames-iran-2026-09-19
1070008,فسا,107,فسا,28.9383,53.6482,geonames-iran-2026-09-19
1070009,فیروزآباد,107,فیروزآباد,28.84459,52.57151,geonames-iran-2026-09-19
1080001,بافت,108,بافت,29.2331,56.6022,geonames-iran-2026-09-19
1080002,بم,108,بم,29.106,58.357,geonames-iran-2026-09-19
1080003,جیرفت,108,جیرفت,28.67806,57.74056,geonames-iran-2026-09-19
1080004,رفسنجان,108,رفسنجان,30.4067,55.9939,geonames-iran-2026-09-19
1080005,زرند,108,زرند,30.81271,56.56399,geonames-iran-2026-09-19
1080006,سیرجان,108,سیرجان,29.45137,55.6809,geonames-iran-2026-09-19
1080007,شهربابک,108,شهربابک,30.1165,55.1186,geonames-iran-2026-09-19
1080008,کرمان,108,کرمان,30.28321,57.07879,geonames-iran-2026-09-19
1080009,کهنوج,108,کهنوج,27.94034,57.69983,geonames-iran-2026-09-19
1090004,تایباد,109,تایباد,34.74,60.7756,geonames-iran-2026-09-19
1090005,تربت حیدریه,109,تربت حیدریه,35.27401,59.21949,geonames-iran-2026-09-19
1090006,تربت جام,109,تربت جام,35.244,60.6225,geonames-iran-2026-09-19
1090007,درگز,109,درگز,37.44447,59.10809,geonames-iran-2026-09-19
1090008,سبزوار,109,سبزوار,36.2126,57.68191,geonames-iran-2026-09-19
1100001,اردستان,110,اردستان,33.37939,52.36981,geonames-iran-2026-09-19
1100002,اصفهان,110,اصفهان,32.65246,51.67462,geonames-iran-2026-09-19
1100003,خمینی شهر,110,خمینی شهر,32.6856,51.53609,geonames-iran-2026-09-19
1100004,خوانسار,110,خوانسار,33.22052,50.31497,geonames-iran-2026-09-19
1100005,سمیرم,110,سمیرم,31.41667,51.56667,geonames-iran-2026-09-19
1100006,فریدن,110,داران,32.98741,50.4108,geonames-iran-2026-09-19
1100007,فریدونشهر,110,فریدونشهر,32.94195,50.11991,geonames-iran-2026-09-19
1100008,فلاورجان,110,فلاورجان,32.5553,51.50973,geonames-iran-2026-09-19
1100009,شهرضا,110,شهرضا,32.00877,51.86407,geonames-iran-2026-09-19
1110001,ایرانشهر,111,ایرانشهر,27.20245,60.68476,geonames-iran-2026-09-19
1110002,چاه بهار,111,چاه بهار,25.2919,60.643,geonames-iran-2026-09-19
1110003,خاش,111,خاش,28.22107,61.21582,geonames-iran-2026-09-19
1110004,زابل,111,زابل,31.0306,61.4949,geonames-iran-2026-09-19
1110005,زاهدان,111,زاهدان,29.4963,60.8629,geonames-iran-2026-09-19
1110006,سراوان,111,سراوان,27.37089,62.33096,geonames-iran-2026-09-19
1110007,نیک شهر,111,نیک شهر,26.2258,60.2143,geonames-iran-2026-09-19
1110008,راسک,111,راسک,26.23682,61.39901,geonames-iran-2026-09-19
1110009,کنارک,111,کنارک,25.3604,60.3995,geonames-iran-2026-09-19
1120001,بانه,112,بانه,35.9975,45.8853,geonames-iran-2026-09-19
1120002,بیجار,112,بیجار,35.8668,47.60506,geonames-iran-2026-09-19
1120003,سقز,112,سقز,36.24992,46.2735,geonames-iran-2026-09-19
1120004,سنندج,112,سنندج,35.31495,46.99883,geonames-iran-2026-09-19
1120005,قروه,112,قروه,35.1664,47.80564,geonames-iran-2026-09-19
1120006,مریوان,112,مریوان,35.51829,46.18298,geonames-iran-2026-09-19
1120007,دیواندره,112,دیواندره,35.9139,47.0239,geonames-iran-2026-09-19
1120008,کامیاران,112,کامیاران,34.79535,46.93682,geonames-iran-2026-09-19
1120009,سروآباد,112,سروآباد,35.3126,46.3669,geonames-iran-2026-09-19
1130001,تویسرکان,113,تویسرکان,34.551,48.44353,geonames-iran-2026-09-19
1130002,ملایر,113,ملایر,34.30158,48.82166,geonames-iran-2026-09-19
1130003,نهاوند,113,نهاوند,34.19088,48.37446,geonames-iran-2026-09-19
1130004,همدان,113,همدان,34.79922,48.51456,geonames-iran-2026-09-19
1130005,کبودرآهنگ,113,کبودرآهنگ,35.20924,48.72341,geonames-iran-2026-09-19
1130006,اسدآباد,113,اسدآباد,34.78241,48.12012,geonames-iran-2026-09-19
1130007,بهار,113,بهار,34.9072,48.4414,geonames-iran-2026-09-19
1130008,رزن,113,رزن,35.38625,49.0334,geonames-iran-2026-09-19
1130009,فامنین,113,فامنین,35.11593,48.97336,geonames-iran-2026-09-19
1140001,بروجن,114,بروجن,31.96523,51.2873,geonames-iran-2026-09-19
1140002,شهرکرد,114,شهرکرد,32.32612,50.8572,geonames-iran-2026-09-19
1140003,فارسان,114,فارسان,32.25694,50.56095,geonames-iran-2026-09-19
1140004,لردگان,114,لردگان,31.51338,50.82672,geonames-iran-2026-09-19
1140005,اردل,114,اردل,31.99969,50.66231,geonames-iran-2026-09-19
1140006,کوهرنگ,114,چلگرد,32.4672,50.12229,geonames-iran-2026-09-19
1140007,کیار,114,شلمزار,32.0465,50.81639,geonames-iran-2026-09-19
1140008,سامان,114,سامان,32.45014,50.91092,geonames-iran-2026-09-19
1140009,بن,114,بن,32.54037,50.74515,geonames-iran-2026-09-19
1150001,الیگودرز,115,الیگودرز,33.404,49.69179,geonames-iran-2026-09-19
1150002,بروجرد,115,بروجرد,33.8973,48.7516,geonames-iran-2026-09-19
1150003,خرم آباد,115,خرم آباد,33.48778,48.35583,geonames-iran-2026-09-19
1150004,دلفان,115,نورآباد,34.0734,47.9725,geonames-iran-2026-09-19
1150005,دورود,115,دورود,33.49218,49.0616,geonames-iran-2026-09-19
1150006,کوهدشت,115,کوهدشت,33.53335,47.60999,geonames-iran-2026-09-19
1150007,ازنا,115,ازنا,33.45643,49.45646,geonames-iran-2026-09-19
1150008,پلدختر,115,پلدختر,33.15249,47.71014,geonames-iran-2026-09-19
1150009,سلسله,115,الشتر,33.86419,48.26258,geonames-iran-2026-09-19
1160001,ایلام,116,ایلام,33.6374,46.4227,geonames-iran-2026-09-19
1160002,دره شهر,116,دره شهر,33.14447,47.3799,geonames-iran-2026-09-19
1160003,دهلران,116,دهلران,32.6941,47.2679,geonames-iran-2026-09-19
1160004,چرداول,116,سرابله,33.76772,46.56578,geonames-iran-2026-09-19
1160005,مهران,116,مهران,33.1222,46.1646,geonames-iran-2026-09-19
1160006,آبدانان,116,آبدانان,32.9926,47.4198,geonames-iran-2026-09-19
1160007,ایوان,116,ایوان,33.8272,46.3097,geonames-iran-2026-09-19
1160008,ملکشاهی,116,ارکواز,33.3828,46.5983,geonames-iran-2026-09-19
1160009,سیروان,116,لومار,33.56522,46.814,geonames-iran-2026-09-19
1170001,بویراحمد,117,یاسوج,30.66824,51.58796,geonames-iran-2026-09-19
1170002,کهگیلویه,117,دهدشت,30.79337,50.56508,geonames-iran-2026-09-19
1170003,گچساران,117,دوگنبدان,30.3586,50.7981,geonames-iran-2026-09-19
1170004,دنا,117,سی سخت,30.86393,51.4559,geonames-iran-2026-09-19
1170005,بهمیی,117,لیکک,30.8949,50.0931,geonames-iran-2026-09-19
1170006,چرام,117,چرام,30.75561,50.74522,geonames-iran-2026-09-19
1170007,باشت,117,باشت,30.361,51.15735,geonames-iran-2026-09-19
1170008,لنده,117,لنده,30.98215,50.4206,geonames-iran-2026-09-19
1170009,مارگون,117,مارگون,30.99237,51.08253,geonames-iran-2026-09-19
1180001,بوشهر,118,بوشهر,28.96887,50.83657,geonames-iran-2026-09-19
1180002,تنگستان,118,اهرم,28.8826,51.2746,geonames-iran-2026-09-19
1180003,دشتستان,118,برازجان,29.2699,51.2188,geonames-iran-2026-09-19
1180004,دشتی,118,خورموج,28.6543,51.38,geonames-iran-2026-09-19
1180005,دیر,118,بندردیر,27.8399,51.9378,geonames-iran-2026-09-19
1180006,کنگان,118,بندرکنگان,27.837,52.062,geonames-iran-2026-09-19
1180007,گناوه,118,بندرگناوه,29.5791,50.517,geonames-iran-2026-09-19
1180008,دیلم,118,بندردیلم,30.0542,50.159,geonames-iran-2026-09-19
1180009,جم,118,جم,27.82977,52.32518,geonames-iran-2026-09-19
1190001,ابهر,119,ابهر,36.1468,49.218,geonames-iran-2026-09-19
1190003,خدابنده,119,قیدار,36.11949,48.59089,geonames-iran-2026-09-19
1190004,زنجان,119,زنجان,36.67642,48.49628,geonames-iran-2026-09-19
1190006,ایجرود,119,زرین آباد,36.42622,48.28158,geonames-iran-2026-09-19
1190007,خرمدره,119,خرمدره,36.20777,49.19527,geonames-iran-2026-09-19
1190008,طارم,119,آب بر,36.92627,48.95832,geonames-iran-2026-09-19
1190009,ماهنشان,119,ماه نشان,36.7444,47.6725,geonames-iran-2026-09-19
1200001,دامغان,120,دامغان,36.1679,54.34292,geonames-iran-2026-09-19
1200002,سمنان,120,سمنان,35.57691,53.39205,geonames-iran-2026-09-19
1200003,شاهرود,120,شاهرود,36.41819,54.97628,geonames-iran-2026-09-19
1200004,گرمسار,120,گرمسار,35.21824,52.34085,geonames-iran-2026-09-19
1200005,مهدی شهر,120,مهدی شهر,35.71071,53.35394,geonames-iran-2026-09-19
1200006,آرادان,120,آرادان,35.24941,52.49422,geonames-iran-2026-09-19
1200007,میامی,120,میامی,36.41092,55.65018,geonames-iran-2026-09-19
1200008,سرخه,120,سرخه,35.4633,53.214,geonames-iran-2026-09-19
1210001,اردکان,121,اردکان,32.31001,54.01747,geonames-iran-2026-09-19
1210002,بافق,121,بافق,31.6035,55.40249,geonames-iran-2026-09-19
1210003,تفت,121,تفت,31.74384,54.20278,geonames-iran-2026-09-19
1210004,مهریز,121,مهریز,31.58428,54.4428,geonames-iran-2026-09-19
1210005,یزد,121,یزد,31.89722,54.3675,geonames-iran-2026-09-19
1210006,میبد,121,میبد,32.25014,54.01658,geonames-iran-2026-09-19
1210007,ابرکوه,121,ابرکوه,31.1289,53.2824,geonames-iran-2026-09-19
1210008,اشکذر,121,اشکذر,31.99679,54.20852,geonames-iran-2026-09-19
1210009,خاتم,121,هرات,30.05407,54.37294,geonames-iran-2026-09-19
1220001,ابوموسی,122,ابوموسی,25.864,55.023,geonames-iran-2026-09-19
1220002,بندر عباس,122,بندر عباس,27.1865,56.2808,geonames-iran-2026-09-19
1220003,بندر لنگه,122,بندر لنگه,26.56207,54.88382,geonames-iran-2026-09-19
1220004,قشم,122,قشم,26.9492,56.2691,geonames-iran-2026-09-19
1220005,میناب,122,میناب,27.13104,57.08716,geonames-iran-2026-09-19
1220006,جاسک,122,بندر جاسک,25.653,57.775,geonames-iran-2026-09-19
1220007,رودان,122,دهبارز,27.44194,57.19198,geonames-iran-2026-09-19
1220008,حاجی آباد,122,حاجی آباد,28.3091,55.9017,geonames-iran-2026-09-19
1220009,بستک,122,بستک,27.19908,54.36676,geonames-iran-2026-09-19
1230001,تهران,123,تهران,35.75,51.5148,geonames-iran-2026-09-19
1230002,دماوند,123,دماوند,35.71842,52.06958,geonames-iran-2026-09-19
1230003,ری,123,ری,35.59354,51.43997,geonames-iran-2026-09-19
1230004,شمیرانات,123,تجریش,35.8044,51.4256,geonames-iran-2026-09-19
1230006,ورامین,123,ورامین,35.3242,51.6457,geonames-iran-2026-09-19
1230009,شهریار,123,شهریار,35.65884,51.05775,geonames-iran-2026-09-19
1240001,اردبیل,124,اردبیل,38.2498,48.2933,geonames-iran-2026-09-19
1240002,بیله سوار,124,بیله سوار,39.37961,48.35463,geonames-iran-2026-09-19
1240003,خلخال,124,خلخال,37.61837,48.52928,geonames-iran-2026-09-19
1240004,مشگین شهر,124,مشگین شهر,38.399,47.682,geonames-iran-2026-09-19
1240005,گرمی,124,گرمی,39.0215,48.0801,geonames-iran-2026-09-19
1240006,پارس آباد,124,پارس آباد,39.6482,47.9174,geonames-iran-2026-09-19
1240007,کوثر,124,گیوی,37.68585,48.34204,geonames-iran-2026-09-19
1240008,نمین,124,نمین,38.4269,48.4839,geonames-iran-2026-09-19
1240009,نیر,124,نیر,38.0346,47.9986,geonames-iran-2026-09-19
1250001,قم,125,قم,34.6401,50.8764,geonames-iran-2026-09-19
1250002,جعفرآباد,125,جعفریه,34.7747,50.5169,geonames-iran-2026-09-19
1250003,کهک,125,کهک,34.3938,50.8643,geonames-iran-2026-09-19
1260001,بویین زهرا,126,بویین زهرا,35.766,49.985,geonames-iran-2026-09-19
1260002,تاکستان,126,تاکستان,36.07057,49.69571,geonames-iran-2026-09-19
1260003,قزوین,126,قزوین,36.26877,50.0041,geonames-iran-2026-09-19
1260004,آبیک,126,آبیک,36.03993,50.53101,geonames-iran-2026-09-19
1260005,البرز,126,الوند,36.1893,50.0643,geonames-iran-2026-09-19
1260006,آوج,126,آوج,35.57959,49.22313,geonames-iran-2026-09-19
1270001,بندرگز,127,بندرگز,36.77409,53.94798,geonames-iran-2026-09-19
1270002,ترکمن,127,بندرترکمن,36.90124,54.07195,geonames-iran-2026-09-19
1270003,علی آباد کتول,127,علی آباد,36.91011,54.86737,geonames-iran-2026-09-19
1270004,کردکوی,127,کردکوی,36.79307,54.11214,geonames-iran-2026-09-19
1270005,گرگان,127,گرگان,36.8427,54.44391,geonames-iran-2026-09-19
1270006,گنبدکاووس,127,گنبدکاووس,37.25004,55.16721,geonames-iran-2026-09-19
1270007,مینودشت,127,مینودشت,37.23015,55.37211,geonames-iran-2026-09-19
1270008,آق قلا,127,آق قلا,37.0139,54.45504,geonames-iran-2026-09-19
1270009,کلاله,127,کلاله,37.37899,55.493,geonames-iran-2026-09-19
1280001,اسفراین,128,اسفراین,37.07645,57.51009,geonames-iran-2026-09-19
1280002,بجنورد,128,بجنورد,37.47473,57.32903,geonames-iran-2026-09-19
1280003,جاجرم,128,جاجرم,36.95012,56.38005,geonames-iran-2026-09-19
1280004,شیروان,128,شیروان,37.39669,57.92952,geonames-iran-2026-09-19
1280005,فاروج,128,فاروج,37.23121,58.219,geonames-iran-2026-09-19
1280006,سملقان,128,آشخانه,37.5615,56.92125,geonames-iran-2026-09-19
1280007,گرمه,128,گرمه,36.987,56.28942,geonames-iran-2026-09-19
1280008,راز و جرگلان,128,راز,37.93395,57.1126,geonames-iran-2026-09-19
1280009,بام و صفی آباد,128,صفی آباد,36.6954,57.92838,geonames-iran-2026-09-19
1290001,بیرجند,129,بیرجند,32.86628,59.22114,geonames-iran-2026-09-19
1290002,درمیان,129,اسدیه,32.9428,59.71998,geonames-iran-2026-09-19
1290003,سربیشه,129,سربیشه,32.57566,59.79821,geonames-iran-2026-09-19
1290004,قاینات,129,قاین,33.72654,59.18439,geonames-iran-2026-09-19
1290005,نهبندان,129,نهبندان,31.54185,60.03648,geonames-iran-2026-09-19
1290006,سرایان,129,سرایان,33.86017,58.52166,geonames-iran-2026-09-19
1290007,فردوس,129,فردوس,34.0185,58.17222,geonames-iran-2026-09-19
1290008,بشرویه,129,بشرویه,33.86845,57.42885,geonames-iran-2026-09-19
1290009,زیرکوه,129,حاجی آباد,33.60496,59.9934,geonames-iran-2026-09-19
1300001,کرج,130,کرج,35.83266,50.99155,geonames-iran-2026-09-19
1300002,ساوجبلاغ,130,هشتگرد,35.962,50.6799,geonames-iran-2026-09-19
1300003,نظرآباد,130,نظرآباد,35.95411,50.60607,geonames-iran-2026-09-19
1300004,طالقان,130,طالقان,36.17449,50.76908,geonames-iran-2026-09-19
1300005,اشتهارد,130,اشتهارد,35.7255,50.3662,geonames-iran-2026-09-19
1300006,فردیس,130,فردیس,35.7292,50.98483,geonames-iran-2026-09-19
1300007,چهارباغ,130,چهارباغ,35.8389,50.8481,geonames-iran-2026-09-19
10000010,زرندیه,100,مامونیه,35.30454,50.49934,geonames-iran-2026-09-19
10000011,کمیجان,100,کمیجان,34.72142,49.32653,geonames-iran-2026-09-19
10000012,خنداب,100,خنداب,34.3928,49.1841,geonames-iran-2026-09-19
10000013,فراهان,100,فرمهین,34.50383,49.68437,geonames-iran-2026-09-19
10100010,لنگرود,101,لنگرود,37.19548,50.15263,geonames-iran-2026-09-19
10100011,لاهیجان,101,لاهیجان,37.20416,50.00919,geonames-iran-2026-09-19
10100012,شفت,101,شفت,37.1702,49.3998,geonames-iran-2026-09-19
10100013,املش,101,املش,37.0966,50.18709,geonames-iran-2026-09-19
10100014,رضوانشهر,101,رضوانشهر,37.54947,49.13736,geonames-iran-2026-09-19
10100015,سیاهکل,101,سیاهکل,37.15328,49.87136,geonames-iran-2026-09-19
10100016,ماسال,101,ماسال,37.3631,49.1329,geonames-iran-2026-09-19
10100017,خمام,101,خمام,37.39016,49.65846,geonames-iran-2026-09-19
10200010,قایم شهر,102,قایم شهر,36.463,52.86,geonames-iran-2026-09-19
10200014,نور,102,نور,36.57168,52.0153,geonames-iran-2026-09-19
10200015,نوشهر,102,نوشهر,36.64852,51.49621,geonames-iran-2026-09-19
10200016,بابلسر,102,بابلسر,36.69929,52.65011,geonames-iran-2026-09-19
10200018,محمودآباد,102,محمودآباد,36.63191,52.26286,geonames-iran-2026-09-19
10200019,نکا,102,نکا,36.65079,53.29905,geonames-iran-2026-09-19
10200020,چالوس,102,چالوس,36.655,51.4204,geonames-iran-2026-09-19
10200021,جویبار,102,جویبار,36.64088,52.91206,geonames-iran-2026-09-19
10200022,گلوگاه,102,گلوگاه,36.72734,53.80888,geonames-iran-2026-09-19
10200023,فریدونکنار,102,فریدونکنار,36.68489,52.51917,geonames-iran-2026-09-19
10200024,عباس آباد,102,عباس آباد,36.72769,51.10574,geonames-iran-2026-09-19
10200025,میاندورود,102,سورک,36.59488,53.20762,geonames-iran-2026-09-19
10200026,سیمرغ,102,کیاکلا,36.58028,52.81253,geonames-iran-2026-09-19
10200027,سوادکوه شمالی,102,شیرگاه,36.2987,52.89021,geonames-iran-2026-09-19
10200028,کلاردشت,102,کلاردشت,36.51094,51.17343,geonames-iran-2026-09-19
10300010,میانه,103,میانه,37.421,47.715,geonames-iran-2026-09-19
10300011,هشترود,103,هشترود,37.4779,47.0508,geonames-iran-2026-09-19
10300012,بناب,103,بناب,37.3404,46.0561,geonames-iran-2026-09-19
10300013,بستان آباد,103,بستان آباد,37.84633,46.83542,geonames-iran-2026-09-19
10300014,شبستر,103,شبستر,38.1804,45.7028,geonames-iran-2026-09-19
10300015,کلیبر,103,کلیبر,38.86509,47.03909,geonames-iran-2026-09-19
10300016,هریس,103,هریس,38.24816,47.11678,geonames-iran-2026-09-19
10300019,جلفا,103,جلفا,38.93788,45.63329,geonames-iran-2026-09-19
10300020,ملکان,103,ملکان,37.14258,46.10345,geonames-iran-2026-09-19
10300021,آذرشهر,103,آذرشهر,37.759,45.9783,geonames-iran-2026-09-19
10300022,اسکو,103,اسکو,37.91504,46.12258,geonames-iran-2026-09-19
10300023,چاراویماق,103,قره آغاج,37.2187,47.2167,geonames-iran-2026-09-19
10300024,ورزقان,103,ورزقان,38.67549,46.11205,geonames-iran-2026-09-19
10300025,عجب شیر,103,عجب شیر,37.4776,45.8943,geonames-iran-2026-09-19
10300026,خدا آفرین,103,خمارلو,39.15889,47.03288,geonames-iran-2026-09-19
10300027,هوراند,103,هوراند,38.86125,47.36797,geonames-iran-2026-09-19
10300028,لیلان,103,لیلان,36.96,46.18,geonames-iran-2026-09-19
10300029,ترکمانچای,103,ترکمانچای,37.5853,47.3896,geonames-iran-2026-09-19
10400010,بوکان,104,بوکان,36.521,46.2089,geonames-iran-2026-09-19
10400011,شاهین دژ,104,شاهین دژ,36.6793,46.5669,geonames-iran-2026-09-19
10400012,تکاب,104,تکاب,36.4009,47.1133,geonames-iran-2026-09-19
10400013,اشنویه,104,اشنویه,37.0397,45.0983,geonames-iran-2026-09-19
10400014,چالدران,104,سیه چشمه,39.06508,44.38416,geonames-iran-2026-09-19
10400015,پلدشت,104,پلدشت,39.348,45.071,geonames-iran-2026-09-19
10400016,چایپاره,104,قره ضیاءالدین,38.8915,45.0255,geonames-iran-2026-09-19
10400017,شوط,104,شوط,39.2192,44.77,geonames-iran-2026-09-19
10400018,چهاربرج,104,چهاربرج,36.465,46.704,geonames-iran-2026-09-19
10400019,باروق,104,باروق,36.9583,46.3249,geonames-iran-2026-09-19
10400020,میرآباد,104,میرآباد,36.4053,45.372,geonames-iran-2026-09-19
10500010,صحنه,105,صحنه,34.4813,47.6908,geonames-iran-2026-09-19
10500011,هرسین,105,هرسین,34.2721,47.5861,geonames-iran-2026-09-19
10500012,ثلاث باباجانی,105,تازه آباد,34.7387,46.1496,geonames-iran-2026-09-19
10500013,دالاهو,105,کرند,34.328,47.586,geonames-iran-2026-09-19
10500014,روانسر,105,روانسر,34.7153,46.6533,geonames-iran-2026-09-19
10600010,رامهرمز,106,رامهرمز,31.27997,49.60351,geonames-iran-2026-09-19
10600011,شادگان,106,شادگان,30.64924,48.66497,geonames-iran-2026-09-19
10600012,شوشتر,106,شوشتر,32.04972,48.84843,geonames-iran-2026-09-19
10600013,مسجدسلیمان,106,مسجدسلیمان,31.9364,49.3039,geonames-iran-2026-09-19
10600014,شوش,106,شوش,32.1942,48.2436,geonames-iran-2026-09-19
10600015,باغ ملک,106,باغ ملک,31.52398,49.88558,geonames-iran-2026-09-19
10600016,امیدیه,106,امیدیه,30.76277,49.70226,geonames-iran-2026-09-19
10600017,لالی,106,لالی,32.32981,49.09324,geonames-iran-2026-09-19
10600018,هندیجان,106,هندیجان,30.2363,49.7119,geonames-iran-2026-09-19
10600019,رامشیر,106,رامشیر,30.89315,49.40787,geonames-iran-2026-09-19
10600020,گتوند,106,گتوند,32.24585,48.81315,geonames-iran-2026-09-19
10600021,اندیکا,106,قلعه خواجه,32.20622,49.44526,geonames-iran-2026-09-19
10600022,هفتکل,106,هفتگل,31.44686,49.52951,geonames-iran-2026-09-19
10600023,هویزه,106,هویزه,31.4619,48.074,geonames-iran-2026-09-19
10600024,باوی,106,ملاثانی,31.5847,48.88587,geonames-iran-2026-09-19
10600025,حمیدیه,106,حمیدیه,31.48285,48.4332,geonames-iran-2026-09-19
10600026,آغاجاری,106,آغاجاری,30.7006,49.8315,geonames-iran-2026-09-19
10600027,کارون,106,کوت عبداله,31.245,48.657,geonames-iran-2026-09-19
10600028,کرخه,106,الوان,32.11171,48.45877,geonames-iran-2026-09-19
10600029,دزپارت,106,دهدز,31.7096,50.28827,geonames-iran-2026-09-19
10600030,صیدون,106,صیدون,31.36682,50.08335,geonames-iran-2026-09-19
10700010,کازرون,107,کازرون,29.61919,51.6535,geonames-iran-2026-09-19
10700011,لارستان,107,لار,27.68336,54.34172,geonames-iran-2026-09-19
10700012,مرودشت,107,مرودشت,29.87407,52.80258,geonames-iran-2026-09-19
10700013,ممسنی,107,نورآباد,30.11405,51.52174,geonames-iran-2026-09-19
10700014,نی ریز,107,نی ریز,29.1988,54.3278,geonames-iran-2026-09-19
10700015,لامرد,107,لامرد,27.334,53.179,geonames-iran-2026-09-19
10700016,بوانات,107,بوانات,30.4551,53.651,geonames-iran-2026-09-19
10700017,ارسنجان,107,ارسنجان,29.9124,53.3085,geonames-iran-2026-09-19
10700018,خرم بید,107,صفاشهر,30.6131,53.1954,geonames-iran-2026-09-19
10700019,زرین دشت,107,حاجی آباد,28.35735,54.42335,geonames-iran-2026-09-19
10700020,قیرو کارزین,107,قیر,28.4825,53.0346,geonames-iran-2026-09-19
10700021,مهر,107,مهر,27.5521,52.88157,geonames-iran-2026-09-19
10700022,فراشبند,107,فراشبند,28.86012,52.09452,geonames-iran-2026-09-19
10700023,پاسارگاد,107,سعادت شهر,30.07921,53.13464,geonames-iran-2026-09-19
10700024,خنج,107,خنج,27.8913,53.4344,geonames-iran-2026-09-19
10700025,سروستان,107,سروستان,29.2735,53.2203,geonames-iran-2026-09-19
10700026,رستم,107,مصیری,30.24493,51.52158,geonames-iran-2026-09-19
10700027,گراش,107,گراش,27.66966,54.13586,geonames-iran-2026-09-19
10700028,کوار,107,کوار,29.20505,52.69043,geonames-iran-2026-09-19
10700029,خرامه,107,خرامه,29.49896,53.31199,geonames-iran-2026-09-19
10700030,زرقان,107,زرقان,29.77237,52.71891,geonames-iran-2026-09-19
10700031,بیضاء,107,بیضا,29.9717,52.40059,geonames-iran-2026-09-19
10700032,سرچهان,107,حسامی,29.96919,53.87416,geonames-iran-2026-09-19
10700033,کوه چنار,107,قایمیه,29.846,51.57,geonames-iran-2026-09-19
10700034,خفر,107,باب انار,28.9752,53.21667,geonames-iran-2026-09-19
10700035,بختگان,107,آباده طشک,29.81083,53.7275,geonames-iran-2026-09-19
10700036,اوز,107,اوز,27.7622,54.00417,geonames-iran-2026-09-19
10700037,جویم,107,جویم,28.2548,53.98112,geonames-iran-2026-09-19
10800010,بردسیر,108,بردسیر,29.92266,56.57433,geonames-iran-2026-09-19
10800011,راور,108,راور,31.26562,56.80545,geonames-iran-2026-09-19
10800012,عنبرآباد,108,عنبرآباد,28.4759,57.848,geonames-iran-2026-09-19
10800013,منوجان,108,منوجان,27.39893,57.49722,geonames-iran-2026-09-19
10800014,کوهبنان,108,کوهبنان,31.41029,56.28255,geonames-iran-2026-09-19
10800015,رودبارجنوب,108,رودبار,28.02899,57.9961,geonames-iran-2026-09-19
10800016,قلعه گنج,108,قلعه گنج,27.5236,57.8811,geonames-iran-2026-09-19
10800017,ریگان,108,محمدآباد,28.66877,59.07341,geonames-iran-2026-09-19
10800018,رابر,108,رابر,29.2912,56.9131,geonames-iran-2026-09-19
10800019,فهرج,108,فهرج,28.9502,58.885,geonames-iran-2026-09-19
10800020,انار,108,انار,30.87066,55.27025,geonames-iran-2026-09-19
10800021,نرماشیر,108,نرماشیر,28.95216,58.69773,geonames-iran-2026-09-19
10800022,فاریاب,108,فاریاب,28.0987,57.23181,geonames-iran-2026-09-19
10800023,ارزوییه,108,ارزوییه,28.44,56.37,geonames-iran-2026-09-19
10800024,گنبکی,108,گنبکی,28.72242,58.86416,geonames-iran-2026-09-19
10800025,جازموریان,108,زهکلوت,27.79256,58.58682,geonames-iran-2026-09-19
10900013,قوچان,109,قوچان,37.106,58.50955,geonames-iran-2026-09-19
10900014,کاشمر,109,کاشمر,35.23831,58.46558,geonames-iran-2026-09-19
10900015,گناباد,109,گناباد,34.35287,58.68365,geonames-iran-2026-09-19
10900016,مشهد,109,مشهد,36.29807,59.60567,geonames-iran-2026-09-19
10900017,نیشابور,109,نیشابور,36.21329,58.79575,geonames-iran-2026-09-19
10900018,چناران,109,چناران,36.64546,59.12123,geonames-iran-2026-09-19
10900019,خواف,109,خواف,34.57232,60.14404,geonames-iran-2026-09-19
10900020,سرخس,109,سرخس,36.5449,61.1577,geonames-iran-2026-09-19
10900022,فریمان,109,فریمان,35.70685,59.85006,geonames-iran-2026-09-19
10900023,بردسکن,109,بردسکن,35.26218,57.97075,geonames-iran-2026-09-19
10900027,رشتخوار,109,رشتخوار,34.97512,59.62482,geonames-iran-2026-09-19
10900028,کلات,109,کلات,36.99532,59.76472,geonames-iran-2026-09-19
10900029,خلیل آباد,109,خلیل آباد,35.25395,58.28566,geonames-iran-2026-09-19
10900030,مه ولات,109,فیض آباد,35.01891,58.78343,geonames-iran-2026-09-19
10900031,بجستان,109,بجستان,34.51639,58.1845,geonames-iran-2026-09-19
10900032,طرقبه شاندیز,109,طرقبه,36.3104,59.3735,geonames-iran-2026-09-19
10900033,فیروزه,109,فیروزه,36.28639,58.58586,geonames-iran-2026-09-19
10900034,جغتای,109,جغتای,36.63619,57.07284,geonames-iran-2026-09-19
10900035,زاوه,109,دولت آباد,35.28219,59.51972,geonames-iran-2026-09-19
10900036,جوین,109,نقاب,36.70792,57.42146,geonames-iran-2026-09-19
10900037,باخرز,109,باخرز,35.09861,60.15885,geonames-iran-2026-09-19
10900038,خوشاب,109,سلطان آباد,36.40352,58.03894,geonames-iran-2026-09-19
10900039,داورزن,109,داورزن,36.35088,56.87547,geonames-iran-2026-09-19
10900040,صالح آباد,109,صالح آباد,36.18959,57.69779,geonames-iran-2026-09-19
10900041,کوهسرخ,109,ریوش,35.47521,58.45733,geonames-iran-2026-09-19
10900042,زبرخان,109,خرو,35.46265,58.05727,geonames-iran-2026-09-19
10900043,ششتمد,109,ششتمد,35.95969,57.76673,geonames-iran-2026-09-19
10900044,گلبهار,109,گلبهار,36.52,59.17,geonames-iran-2026-09-19
10900045,میان جلگه,109,عشق آباد,36.87584,58.40308,geonames-iran-2026-09-19
11000010,کاشان,110,کاشان,34.00228,51.43879,geonames-iran-2026-09-19
11000011,گلپایگان,110,گلپایگان,33.4537,50.28836,geonames-iran-2026-09-19
11000012,لنجان,110,زرین شهر,32.386,51.377,geonames-iran-2026-09-19
11000013,نایین,110,نایین,32.86,53.09,geonames-iran-2026-09-19
11000014,نجف آباد,110,نجف آباد,32.63464,51.36525,geonames-iran-2026-09-19
11000015,نطنز,110,نطنز,33.51118,51.91808,geonames-iran-2026-09-19
11000016,شاهین شهرو میمه,110,شاهین شهر,32.85788,51.5529,geonames-iran-2026-09-19
11000017,مبارکه,110,مبارکه,32.34612,51.50205,geonames-iran-2026-09-19
11000018,آران و بیدگل,110,آران و بیدگل,34.05751,51.48291,geonames-iran-2026-09-19
11000019,تیران وکرون,110,تیران,32.70328,51.15381,geonames-iran-2026-09-19
11000020,چادگان,110,چادگان,32.76825,50.62873,geonames-iran-2026-09-19
11000021,دهاقان,110,دهاقان,31.93986,51.64731,geonames-iran-2026-09-19
11000022,برخوار,110,دولت آباد,32.79978,51.69553,geonames-iran-2026-09-19
11000023,خور و بیابانک,110,خور,33.77512,55.08329,geonames-iran-2026-09-19
11000024,بویین و میاندشت,110,بویین و میاندشت,33.08,50.15,geonames-iran-2026-09-19
11000025,کوهپایه,110,تودشک,32.7207,52.6709,geonames-iran-2026-09-19
11000026,جرقویه,110,نیک آباد,32.303,52.2057,geonames-iran-2026-09-19
11000027,ورزنه,110,ورزنه,33.54218,50.50106,geonames-iran-2026-09-19
11000028,هرند,110,هرند,32.56531,52.43654,geonames-iran-2026-09-19
11100010,زهک,111,زهک,30.894,61.6804,geonames-iran-2026-09-19
11100011,هیرمند,111,دوست محمد,31.1447,61.7925,geonames-iran-2026-09-19
11100012,دلگان,111,گلمورتی,27.48232,59.44656,geonames-iran-2026-09-19
11100013,مهرستان,111,مهرستان,27.131,61.67445,geonames-iran-2026-09-19
11100014,سیب و سوران,111,سوران,27.2855,61.9965,geonames-iran-2026-09-19
11100015,نیمروز,111,ادیمی,31.11144,61.41189,geonames-iran-2026-09-19
11100016,هامون,111,محمدآباد,31.1278,61.5681,geonames-iran-2026-09-19
11100017,میرجاوه,111,میرجاوه,29.0148,61.44959,geonames-iran-2026-09-19
11100018,قصرقند,111,قصرقند,26.23244,60.73932,geonames-iran-2026-09-19
11100019,فنوج,111,فنوج,26.57527,59.64144,geonames-iran-2026-09-19
11100020,بمپور,111,بمپور,27.19439,60.45594,geonames-iran-2026-09-19
11100021,تفتان,111,نوک آباد,28.5397,60.7595,geonames-iran-2026-09-19
11100022,دشتیاری,111,نگور,25.38882,61.13834,geonames-iran-2026-09-19
11100023,سرباز,111,سرباز,26.63228,61.25787,geonames-iran-2026-09-19
11100024,گلشن,111,جالق,27.62,61.23,geonames-iran-2026-09-19
11100025,لاشار,111,اسپکه,26.84004,60.1731,geonames-iran-2026-09-19
11100026,زرآباد,111,زرآباد,25.58263,59.36161,geonames-iran-2026-09-19
11200010,دهگلان,112,دهگلان,35.278,47.4184,geonames-iran-2026-09-19
11300010,درگزین,113,قروه درگزین,35.313,49.194,geonames-iran-2026-09-19
11400010,خانمیرزا,114,آلونی,31.55303,51.0605,geonames-iran-2026-09-19
11400011,فلارد,114,مال خلیفه,31.2908,51.26026,geonames-iran-2026-09-19
11400012,فرخ شهر,114,فرخ شهر,32.271,50.98,geonames-iran-2026-09-19
11500010,چگنی,115,سراب دوره,33.5639,48.0221,geonames-iran-2026-09-19
11500011,رومشکان,115,چقابل,33.28175,47.50979,geonames-iran-2026-09-19
11500012,معمولان,115,معمولان,33.3793,47.9596,geonames-iran-2026-09-19
11600010,بدره,116,بدره,33.30573,47.03708,geonames-iran-2026-09-19
11600011,هلیلان,116,توحید,33.7,47.7,geonames-iran-2026-09-19
11600012,چوار,116,چوار,33.6953,46.2979,geonames-iran-2026-09-19
11800010,عسلویه,118,عسلویه,27.47383,52.60782,geonames-iran-2026-09-19
11900010,سلطانیه,119,سلطانیه,36.434,48.794,geonames-iran-2026-09-19
12100011,بهاباد,121,بهاباد,31.87091,56.02433,geonames-iran-2026-09-19
12100012,مروست,121,مروست,30.47833,54.21167,geonames-iran-2026-09-19
12100013,زارچ,121,زارچ,31.99111,54.23194,geonames-iran-2026-09-19
12200010,خمیر,122,خمیر,26.95,55.58,geonames-iran-2026-09-19
12200011,پارسیان,122,پارسیان,27.2918,56.1532,geonames-iran-2026-09-19
12200012,سیریک,122,سیریک,26.5055,57.122,geonames-iran-2026-09-19
12200013,بشاگرد,122,سردشت,26.45574,57.90271,geonames-iran-2026-09-19
12300010,اسلامشهر,123,اسلامشهر,35.55222,51.23504,geonames-iran-2026-09-19
12300012,رباط‌کریم,123,رباط‌کریم,35.4846,51.0829,geonames-iran-2026-09-19
12300013,پاکدشت,123,پاکدشت,35.47854,51.6834,geonames-iran-2026-09-19
12300014,فیروزکوه,123,فیروزکوه,35.75674,52.77062,geonames-iran-2026-09-19
12300016,قدس,123,قدس,35.7214,51.109,geonames-iran-2026-09-19
12300017,ملارد,123,ملارد,35.6659,50.9767,geonames-iran-2026-09-19
12300018,پیشوا,123,پیشوا,35.308,51.7267,geonames-iran-2026-09-19
12300019,بهارستان,123,گلستان,35.5183,51.1819,geonames-iran-2026-09-19
12300020,پردیس,123,پردیس,35.74687,51.81222,geonames-iran-2026-09-19
12300021,قرچک,123,قرچک,35.42873,51.57757,geonames-iran-2026-09-19
12400010,سرعین,124,سرعین,38.15,48.08,geonames-iran-2026-09-19
12400011,اصلاندوز,124,اصلاندوز,39.4439,47.4056,geonames-iran-2026-09-19
12400012,انگوت,124,تازه کندانگوت,39.0443,47.7453,geonames-iran-2026-09-19
12700010,آزادشهر,127,آزادشهر,37.08641,55.17222,geonames-iran-2026-09-19
12700011,رامیان,127,رامیان,37.01598,55.14123,geonames-iran-2026-09-19
12700012,مراوه تپه,127,مراوه,37.904,55.96,geonames-iran-2026-09-19
12700013,گمیشان,127,گمیش تپه,37.0718,54.07654,geonames-iran-2026-09-19
12700014,گالیکش,127,گالیکش,37.27259,55.43394,geonames-iran-2026-09-19
12800010,مانه,128,پیش قلعه,37.65206,57.00195,geonames-iran-2026-09-19
12900010,خوسف,129,خوسف,32.78108,58.89002,geonames-iran-2026-09-19
12900011,طبس,129,طبس,33.595,56.924,geonames-iran-2026-09-19
12900012,عشق آباد,129,عشق آباد,34.36633,56.92993,geonames-iran-2026-09-19
