id,name,slug,province_id,county_id
1000001002,مرکزی,مرکزی,100,1000001
1000001003,ساروق,ساروق,100,1000001
1000001004,معصومیه,معصومیه,100,1000001
1000002001,مرکزی,مرکزی,100,1000002
1000003002,مرکزی,مرکزی,100,1000003
1000004001,مرکزی,مرکزی,100,1000004
1000004002,کمره,کمره,100,1000004
1000005001,مرکزی,مرکزی,100,1000005
1000006003,مرکزی,مرکزی,100,1000006
1000006004,نوبران,نوبران,100,1000006
1000007001,مرکزی,مرکزی,100,1000007
1000007002,سربند,سربند,100,1000007
1000007003,زالیان,زالیان,100,1000007
1000007004,قره کهریز,قره-کهریز,100,1000007
1000009001,مرکزی,مرکزی,100,1000009
1010001001,مرکزی,مرکزی,101,1010001
1010001002,لوندویل,لوندویل,101,1010001
1010002001,کیاشهر,کیاشهر,101,1010002
1010002002,مرکزی,مرکزی,101,1010002
1010003001,مرکزی,مرکزی,101,1010003
1010004003,مرکزی,مرکزی,101,1010004
1010004004,کرگان رود,کرگان-رود,101,1010004
1010004005,اسالم,اسالم,101,1010004
1010004006,حویق,حویق,101,1010004
1010005002,سنگر,سنگر,101,1010005
1010005003,کوچصفهان,کوچصفهان,101,1010005
1010005004,لشت نشاء,لشت-نشاء,101,1010005
1010005005,مرکزی,مرکزی,101,1010005
1010005006,خشکبیجار,خشکبیجار,101,1010005
1010006001,رحمت آباد و بلوکات,رحمت-آباد-و-بلوکات,101,1010006
1010006002,عمارلو,عمارلو,101,1010006
1010006003,مرکزی,مرکزی,101,1010006
1010006004,خورگام,خورگام,101,1010006
1010007002,رحیم آباد,رحیم-آباد,101,1010007
1010007003,مرکزی,مرکزی,101,1010007
1010007004,چابکسر,چابکسر,101,1010007
1010007005,کلاچای,کلاچای,101,1010007
1010008001,تولم,تولم,101,1010008
1010008002,مرکزی,مرکزی,101,1010008
1010008003,میرزا کوچک جنگلی,میرزا-کوچک-جنگلی,101,1010008
1010008004,طاهرگوراب,طاهرگوراب,101,1010008
1010008005,ضیابر,ضیابر,101,1010008
1010009002,مرکزی,مرکزی,101,1010009
1010009003,سردارجنگل,سردارجنگل,101,1010009
1020001001,لاریجان,لاریجان,102,1020001
1020001002,مرکزی,مرکزی,102,1020001
1020001003,دابودشت,دابودشت,102,1020001
1020001004,امامزاده عبدالله,امامزاده-عبدالله,102,1020001
1020001005,دشت سر,دشت-سر,102,1020001
1020002001,بندپی غربی,بندپی-غربی,102,1020002
1020002002,مرکزی,مرکزی,102,1020002
1020002003,بندپی شرقی,بندپی-شرقی,102,1020002
1020002004,بابل کنار,بابل-کنار,102,1020002
1020002005,لاله آباد,لاله-آباد,102,1020002
1020002006,گتاب,گتاب,102,1020002
1020004002,مرکزی,مرکزی,102,1020004
1020004004,یانه سر,یانه-سر,102,1020004
1020005002,مرکزی,مرکزی,102,1020005
1020005003,نشتا,نشتا,102,1020005
1020005004,خرم آباد,خرم-آباد,102,1020005
1020005005,کوهستان,کوهستان,102,1020005
1020006001,مرکزی,مرکزی,102,1020006
1020006002,دالخانی,دالخانی,102,1020006
1020007001,چهاردانگه,چهاردانگه,102,1020007
1020007002,دودانگه,دودانگه,102,1020007
1020007003,مرکزی,مرکزی,102,1020007
1020007005,کلیجان رستاق,کلیجان-رستاق,102,1020007
1020007006,رودپی,رودپی,102,1020007
1020007007,رودپی شمالی,رودپی-شمالی,102,1020007
1020008002,مرکزی,مرکزی,102,1020008
1020008003,زیرآب,زیرآب,102,1020008
1030002002,مرکزی,مرکزی,103,1030002
1030002005,فندقلو,فندقلو,103,1030002
1030003003,مرکزی,مرکزی,103,1030003
1030003004,خسروشاه,خسروشاه,103,1030003
1030003005,باسمنج,باسمنج,103,1030003
1030005001,مرکزی,مرکزی,103,1030005
1030005002,مهربان,مهربان,103,1030005
1030006002,مرکزی,مرکزی,103,1030006
1030006003,سراجو,سراجو,103,1030006
1030007002,مرکزی,مرکزی,103,1030007
1030007003,یامچی,یامچی,103,1030007
1030007004,کشکسرای,کشکسرای,103,1030007
1040001001,انزل,انزل,104,1040001
1040001002,سیلوانه,سیلوانه,104,1040001
1040001003,صومای برادوست,صومای-برادوست,104,1040001
1040001004,مرکزی,مرکزی,104,1040001
1040001005,نازلو,نازلو,104,1040001
1040002001,مرکزی,مرکزی,104,1040002
1040002002,لاجان,لاجان,104,1040002
1040003002,مرکزی,مرکزی,104,1040003
1040003003,صفاییه,صفاییه,104,1040003
1040003004,ایواوغلی,ایواوغلی,104,1040003
1040003005,قطور,قطور,104,1040003
1040003006,فیرورق,فیرورق,104,1040003
1040004001,مرکزی,مرکزی,104,1040004
1040004003,ربط,ربط,104,1040004
1040005001,مرکزی,مرکزی,104,1040005
1040005002,کوهسار,کوهسار,104,1040005
1040006004,مرکزی,مرکزی,104,1040006
1040006005,بازرگان,بازرگان,104,1040006
1040007001,خلیفان,خلیفان,104,1040007
1040007002,مرکزی,مرکزی,104,1040007
1040008003,مرکزی,مرکزی,104,1040008
1040008006,بکتاش,بکتاش,104,1040008
1040009002,مرکزی,مرکزی,104,1040009
1040009003,محمدیار,محمدیار,104,1040009
1050001001,حمیل,حمیل,105,1050001
1050001003,مرکزی,مرکزی,105,1050001
1050002003,فیروزاباد,فیروزاباد,105,1050002
1050002004,مرکزی,مرکزی,105,1050002
1050002006,ماهیدشت,ماهیدشت,105,1050002
1050002007,کوزران,کوزران,105,1050002
1050002008,بیلوار,بیلوار,105,1050002
1050003001,باینگان,باینگان,105,1050003
1050003002,مرکزی,مرکزی,105,1050003
1050003003,نوسود,نوسود,105,1050003
1050004001,مرکزی,مرکزی,105,1050004
1050004002,قلعه شاهین,قلعه-شاهین,105,1050004
1050004003,دشت ذهاب,دشت-ذهاب,105,1050004
1050005001,مرکزی,مرکزی,105,1050005
1050005002,کلیایی,کلیایی,105,1050005
1050005003,باوله,باوله,105,1050005
1050006001,سومار,سومار,105,1050006
1050006002,مرکزی,مرکزی,105,1050006
1050007001,مرکزی,مرکزی,105,1050007
1050008001,مرکزی,مرکزی,105,1050008
1050008002,گواور,گواور,105,1050008
1050009003,مرکزی,مرکزی,105,1050009
1050009004,کلاشی,کلاشی,105,1050009
1060001001,اروندکنار,اروندکنار,106,1060001
1060001002,مرکزی,مرکزی,106,1060001
1060002001,الوارگرمسیری,الوارگرمسیری,106,1060002
1060002002,مرکزی,مرکزی,106,1060002
1060003002,مرکزی,مرکزی,106,1060003
1060003004,اسماعیلیه,اسماعیلیه,106,1060003
1060003005,غیزانیه,غیزانیه,106,1060003
1060004003,مرکزی,مرکزی,106,1060004
1060004004,سوسن,سوسن,106,1060004
1060005001,بندرامام خمینی,بندرامام-خمینی,106,1060005
1060005002,مرکزی,مرکزی,106,1060005
1060006002,زیدون,زیدون,106,1060006
1060006003,مرکزی,مرکزی,106,1060006
1060006004,تشان,تشان,106,1060006
1060007001,مرکزی,مرکزی,106,1060007
1060007002,مینو,مینو,106,1060007
1060008001,سردشت,سردشت,106,1060008
1060008002,مرکزی,مرکزی,106,1060008
1060008003,چغامیش,چغامیش,106,1060008
1060008004,شهیون,شهیون,106,1060008
1060009001,بستان,بستان,106,1060009
1060009002,مرکزی,مرکزی,106,1060009
1070001004,مرکزی,مرکزی,107,1070001
1070001005,بهمن صغاد,بهمن-صغاد,107,1070001
1070002001,رونیز,رونیز,107,1070002
1070002002,مرکزی,مرکزی,107,1070002
1070003001,سده,سده,107,1070003
1070003002,مرکزی,مرکزی,107,1070003
1070003003,حسن آباد,حسن-آباد,107,1070003
1070004002,سیمکان,سیمکان,107,1070004
1070004003,کردیان,کردیان,107,1070004
1070004004,مرکزی,مرکزی,107,1070004
1070005002,رستاق,رستاق,107,1070005
1070005003,مرکزی,مرکزی,107,1070005
1070005004,فورگ,فورگ,107,1070005
1070005005,جنت,جنت,107,1070005
1070005006,فسارود,فسارود,107,1070005
1070006002,مرکزی,مرکزی,107,1070006
1070006003,همایجان,همایجان,107,1070006
1070007005,مرکزی,مرکزی,107,1070007
1070007006,ارژن,ارژن,107,1070007
1070007007,سیاخ دارنگون,سیاخ-دارنگون,107,1070007
1070008001,ششده وقره بلاغ,ششده-وقره-بلاغ,107,1070008
1070008002,شیبکوه,شیبکوه,107,1070008
1070008003,مرکزی,مرکزی,107,1070008
1070008004,نوبندگان,نوبندگان,107,1070008
1070009003,مرکزی,مرکزی,107,1070009
1070009004,میمند,میمند,107,1070009
1080001003,مرکزی,مرکزی,108,1080001
1080001004,خبر,خبر,108,1080001
1080002003,مرکزی,مرکزی,108,1080002
1080002007,بروات,بروات,108,1080002
1080002008,دهبکری,دهبکری,108,1080002
1080003001,ساردوییه,ساردوییه,108,1080003
1080003002,جبالبارز,جبالبارز,108,1080003
1080003004,مرکزی,مرکزی,108,1080003
1080003005,اسماعیلی,اسماعیلی,108,1080003
1080003006,اسفندقه,اسفندقه,108,1080003
1080004002,مرکزی,مرکزی,108,1080004
1080004003,کشکوییه,کشکوییه,108,1080004
1080004004,نوق,نوق,108,1080004
1080004005,فردوس,فردوس,108,1080004
1080005002,مرکزی,مرکزی,108,1080005
1080005003,یزدان آباد,یزدان-آباد,108,1080005
1080006001,مرکزی,مرکزی,108,1080006
1080006002,پاریز,پاریز,108,1080006
1080006003,گلستان,گلستان,108,1080006
1080006004,زیدآباد,زیدآباد,108,1080006
1080006005,بلورد,بلورد,108,1080006
1080007001,مرکزی,مرکزی,108,1080007
1080007002,دهج,دهج,108,1080007
1080008002,شهداد,شهداد,108,1080008
1080008003,گلباف,گلباف,108,1080008
1080008004,ماهان,ماهان,108,1080008
1080008005,مرکزی,مرکزی,108,1080008
1080008006,راین,راین,108,1080008
1080008007,چترود,چترود,108,1080008
1080009004,مرکزی,مرکزی,108,1080009
1080009005,چاه مرید,چاه-مرید,108,1080009
1090004002,مرکزی,مرکزی,109,1090004
1090004003,میان ولایت,میان-ولایت,109,1090004
1090005001,بایک,بایک,109,1090005
1090005005,کدکن,کدکن,109,1090005
1090005006,مرکزی,مرکزی,109,1090005
1090005007,جلگه رخ,جلگه-رخ,109,1090005
1090006002,مرکزی,مرکزی,109,1090006
1090006003,نصرآباد,نصرآباد,109,1090006
1090006004,بوژگان,بوژگان,109,1090006
1090006005,پایین جام,پایین-جام,109,1090006
1090007001,چاپشلو,چاپشلو,109,1090007
1090007002,لطف آباد,لطف-آباد,109,1090007
1090007003,مرکزی,مرکزی,109,1090007
1090007004,نوخندان,نوخندان,109,1090007
1090008005,روداب,روداب,109,1090008
1090008007,مرکزی,مرکزی,109,1090008
1100001001,مرکزی,مرکزی,110,1100001
1100001002,زواره,زواره,110,1100001
1100001003,مهاباد,مهاباد,110,1100001
1100002003,مرکزی,مرکزی,110,1100002
1100003001,مرکزی,مرکزی,110,1100003
1100004001,مرکزی,مرکزی,110,1100004
1100005001,پادنا,پادنا,110,1100005
1100005002,مرکزی,مرکزی,110,1100005
1100005003,پادنا علیا,پادنا-علیا,110,1100005
1100005004,وردشت,وردشت,110,1100005
1100006003,مرکزی,مرکزی,110,1100006
1100006004,زنده رود,زنده-رود,110,1100006
1100007001,مرکزی,مرکزی,110,1100007
1100007002,موگویی,موگویی,110,1100007
1100008001,پیربکران,پیربکران,110,1100008
1100008002,مرکزی,مرکزی,110,1100008
1100008003,قهدریجان,قهدریجان,110,1100008
1100009002,مرکزی,مرکزی,110,1100009
1110001001,بزمان,بزمان,111,1110001
1110001005,مرکزی,مرکزی,111,1110001
1110001006,دامن,دامن,111,1110001
1110002002,مرکزی,مرکزی,111,1110002
1110002004,پلان,پلان,111,1110002
1110002005,پیرسهراب,پیرسهراب,111,1110002
1110003001,مرکزی,مرکزی,111,1110003
1110003003,ایرندگان,ایرندگان,111,1110003
1110003004,پشتکوه,پشتکوه,111,1110003
1110004004,مرکزی,مرکزی,111,1110004
1110004005,کرباسک,کرباسک,111,1110004
1110005001,مرکزی,مرکزی,111,1110005
1110005003,نصرت آباد,نصرت-آباد,111,1110005
1110005004,کورین,کورین,111,1110005
1110006004,مرکزی,مرکزی,111,1110006
1110006005,بم پشت,بم-پشت,111,1110006
1110006006,مهرگان,مهرگان,111,1110006
1110007001,بنت,بنت,111,1110007
1110007005,مرکزی,مرکزی,111,1110007
1110007006,آهوران,آهوران,111,1110007
1110008001,پیشین,پیشین,111,1110008
1110008003,مرکزی,مرکزی,111,1110008
1110008005,پارود,پارود,111,1110008
1110009002,مرکزی,مرکزی,111,1110009
1110009003,کهیر,کهیر,111,1110009
1120001001,آرمرده,آرمرده,112,1120001
1120001002,مرکزی,مرکزی,112,1120001
1120001003,نمشیر,نمشیر,112,1120001
1120001004,ننور,ننور,112,1120001
1120002001,چنگ الماس,چنگ-الماس,112,1120002
1120002002,کرانی,کرانی,112,1120002
1120002003,مرکزی,مرکزی,112,1120002
1120003001,زیویه,زیویه,112,1120003
1120003002,مرکزی,مرکزی,112,1120003
1120003003,سرشیو,سرشیو,112,1120003
1120003004,امام,امام,112,1120003
1120004003,مرکزی,مرکزی,112,1120004
1120004004,کلاترزان,کلاترزان,112,1120004
1120004005,حسین آباد,حسین-آباد,112,1120004
1120004006,سیروان,سیروان,112,1120004
1120005002,مرکزی,مرکزی,112,1120005
1120005003,سریش آباد,سریش-آباد,112,1120005
1120005004,چهاردولی,چهاردولی,112,1120005
1120005005,دلبران,دلبران,112,1120005
1120006001,خاوومیرآباد,خاوومیرآباد,112,1120006
1120006002,سرشیو,سرشیو,112,1120006
1120006003,مرکزی,مرکزی,112,1120006
1120007001,کرفتو,کرفتو,112,1120007
1120007002,مرکزی,مرکزی,112,1120007
1120007003,سارال,سارال,112,1120007
1120008001,مرکزی,مرکزی,112,1120008
1120008002,موچش,موچش,112,1120008
1120009001,اورامان,اورامان,112,1120009
1120009002,مرکزی,مرکزی,112,1120009
1130001001,قلقل رود,قلقل-رود,113,1130001
1130001002,مرکزی,مرکزی,113,1130001
1130002001,جوکار,جوکار,113,1130002
1130002002,سامن,سامن,113,1130002
1130002003,مرکزی,مرکزی,113,1130002
1130002004,زند,زند,113,1130002
1130003001,خزل,خزل,113,1130003
1130003002,مرکزی,مرکزی,113,1130003
1130003003,زرین دشت,زرین-دشت,113,1130003
1130003004,گیان,گیان,113,1130003
1130004005,شراء,شراء,113,1130004
1130004007,مرکزی,مرکزی,113,1130004
1130005001,گل تپه,گل-تپه,113,1130005
1130005002,مرکزی,مرکزی,113,1130005
1130005003,شیرین سو,شیرین-سو,113,1130005
1130006001,مرکزی,مرکزی,113,1130006
1130006002,پیرسلمان,پیرسلمان,113,1130006
1130007001,لالجین,لالجین,113,1130007
1130007002,مرکزی,مرکزی,113,1130007
1130007003,صالح آباد,صالح-آباد,113,1130007
1130008001,سردرود,سردرود,113,1130008
1130008003,مرکزی,مرکزی,113,1130008
1130009001,مرکزی,مرکزی,113,1130009
1130009002,پیشخور,پیشخور,113,1130009
1140001002,گندمان,گندمان,114,1140001
1140001003,مرکزی,مرکزی,114,1140001
1140001004,بلداجی,بلداجی,114,1140001
1140002002,مرکزی,مرکزی,114,1140002
1140002005,لاران,لاران,114,1140002
1140003002,مرکزی,مرکزی,114,1140003
1140003003,بابا حیدر,بابا-حیدر,114,1140003
1140003004,جونقان,جونقان,114,1140003
1140004002,مرکزی,مرکزی,114,1140004
1140004004,منج,منج,114,1140004
1140004005,روددشت,روددشت,114,1140004
1140005001,مرکزی,مرکزی,114,1140005
1140005002,میانکوه,میانکوه,114,1140005
1140006001,بازفت,بازفت,114,1140006
1140006002,مرکزی,مرکزی,114,1140006
1140006003,دوآب صمصامی,دوآب-صمصامی,114,1140006
1140007001,مرکزی,مرکزی,114,1140007
1140007002,ناغان,ناغان,114,1140007
1140007003,کیار شرقی,کیار-شرقی,114,1140007
1140008001,مرکزی,مرکزی,114,1140008
1140008002,زاینده رود,زاینده-رود,114,1140008
1140009001,مرکزی,مرکزی,114,1140009
1140009002,شیدا,شیدا,114,1140009
1150001002,ززوماهرو,ززوماهرو,115,1150001
1150001003,مرکزی,مرکزی,115,1150001
1150001004,ذلقی,ذلقی,115,1150001
1150001005,بربرود غربی,بربرود-غربی,115,1150001
1150001006,بربرود شرقی,بربرود-شرقی,115,1150001
1150002001,اشترینان,اشترینان,115,1150002
1150002002,مرکزی,مرکزی,115,1150002
1150002003,شیروان,شیروان,115,1150002
1150003002,پاپی,پاپی,115,1150003
1150003003,بیرانوند,بیرانوند,115,1150003
1150003005,زاغه,زاغه,115,1150003
1150003006,مرکزی,مرکزی,115,1150003
1150004001,کاکاوند,کاکاوند,115,1150004
1150004002,مرکزی,مرکزی,115,1150004
1150004003,خاوه,خاوه,115,1150004
1150004004,میربگ,میربگ,115,1150004
1150004005,ایتیوند,ایتیوند,115,1150004
1150005001,سیلاخور,سیلاخور,115,1150005
1150005002,مرکزی,مرکزی,115,1150005
1150006002,طرهان,طرهان,115,1150006
1150006003,مرکزی,مرکزی,115,1150006
1150006004,کوهنانی,کوهنانی,115,1150006
1150006005,درب گنبد,درب-گنبد,115,1150006
1150007001,جاپلق,جاپلق,115,1150007
1150007002,مرکزی,مرکزی,115,1150007
1150008001,مرکزی,مرکزی,115,1150008
1150008003,بالا گریوه,بالا-گریوه,115,1150008
1150009001,فیروزآباد,فیروزآباد,115,1150009
1150009002,مرکزی,مرکزی,115,1150009
1160001003,مرکزی,مرکزی,116,1160001
1160001004,سیوان,سیوان,116,1160001
1160002003,مرکزی,مرکزی,116,1160002
1160002004,ماژین,ماژین,116,1160002
1160003001,زرین آباد,زرین-آباد,116,1160003
1160003002,مرکزی,مرکزی,116,1160003
1160003003,موسیان,موسیان,116,1160003
1160003004,سراب میمه,سراب-میمه,116,1160003
1160003005,دشت عباس,دشت-عباس,116,1160003
1160004002,مرکزی,مرکزی,116,1160004
1160004004,شباب,شباب,116,1160004
1160004005,زاگرس,زاگرس,116,1160004
1160004006,آسمان آباد,آسمان-آباد,116,1160004
1160005002,صالح آباد,صالح-آباد,116,1160005
1160005003,مرکزی,مرکزی,116,1160005
1160006001,کلات,کلات,116,1160006
1160006002,مرکزی,مرکزی,116,1160006
1160006003,سراب باغ,سراب-باغ,116,1160006
1160007001,زرنه,زرنه,116,1160007
1160007002,مرکزی,مرکزی,116,1160007
1160008001,مرکزی,مرکزی,116,1160008
1160008002,گچی,گچی,116,1160008
1160009001,مرکزی,مرکزی,116,1160009
1160009002,کارزان,کارزان,116,1160009
1170001003,مرکزی,مرکزی,117,1170001
1170001004,لوداب,لوداب,117,1170001
1170001005,کبگیان,کبگیان,117,1170001
1170001006,سپیدار,سپیدار,117,1170001
1170002002,چاروسا,چاروسا,117,1170002
1170002005,مرکزی,مرکزی,117,1170002
1170002006,دیشموک,دیشموک,117,1170002
1170002007,سوق,سوق,117,1170002
1170003002,مرکزی,مرکزی,117,1170003
1170004001,پاتاوه,پاتاوه,117,1170004
1170004003,مرکزی,مرکزی,117,1170004
1170005001,سرآسیاب یوسفی,سرآسیاب-یوسفی,117,1170005
1170005002,مرکزی,مرکزی,117,1170005
1170005003,ممبی,ممبی,117,1170005
1170006001,مرکزی,مرکزی,117,1170006
1170006002,سرفاریاب,سرفاریاب,117,1170006
1170007001,مرکزی,مرکزی,117,1170007
1170007002,بوستان,بوستان,117,1170007
1170008001,مرکزی,مرکزی,117,1170008
1170008002,موگرمون,موگرمون,117,1170008
1170009001,مرکزی,مرکزی,117,1170009
1170009002,زیلایی,زیلایی,117,1170009
1180001001,خارک,خارک,118,1180001
1180001002,مرکزی,مرکزی,118,1180001
1180001003,چغادک,چغادک,118,1180001
1180002001,دلوار,دلوار,118,1180002
1180002002,مرکزی,مرکزی,118,1180002
1180003001,سعدآباد,سعدآباد,118,1180003
1180003002,شبانکاره,شبانکاره,118,1180003
1180003003,مرکزی,مرکزی,118,1180003
1180003004,ارم,ارم,118,1180003
1180003005,بوشکان,بوشکان,118,1180003
1180003006,آب پخش,آب-پخش,118,1180003
1180004001,کاکی,کاکی,118,1180004
1180004002,مرکزی,مرکزی,118,1180004
1180004003,شنبه و طسوج,شنبه-و-طسوج,118,1180004
1180005001,بردخون,بردخون,118,1180005
1180005002,مرکزی,مرکزی,118,1180005
1180005003,آبدان,آبدان,118,1180005
1180006002,مرکزی,مرکزی,118,1180006
1180006003,سیراف,سیراف,118,1180006
1180007002,ریگ,ریگ,118,1180007
1180007003,مرکزی,مرکزی,118,1180007
1180008001,امام حسن,امام-حسن,118,1180008
1180008002,مرکزی,مرکزی,118,1180008
1180009001,ریز,ریز,118,1180009
1180009002,مرکزی,مرکزی,118,1180009
1190001003,مرکزی,مرکزی,119,1190001
1190003001,افشار,افشار,119,1190003
1190003002,بزینه رود,بزینه-رود,119,1190003
1190003003,مرکزی,مرکزی,119,1190003
1190003004,سجاس رود,سجاس-رود,119,1190003
1190003005,دو تپه,دو-تپه,119,1190003
1190004002,زنجانرود,زنجانرود,119,1190004
1190004005,مرکزی,مرکزی,119,1190004
1190004006,قره پشتلو,قره-پشتلو,119,1190004
1190006001,حلب,حلب,119,1190006
1190006002,مرکزی,مرکزی,119,1190006
1190007001,مرکزی,مرکزی,119,1190007
1190008001,چورزق,چورزق,119,1190008
1190008002,مرکزی,مرکزی,119,1190008
1190008003,گیلوان,گیلوان,119,1190008
1190009001,انگوران,انگوران,119,1190009
1190009002,مرکزی,مرکزی,119,1190009
1200001001,امیراباد,امیراباد,120,1200001
1200001002,مرکزی,مرکزی,120,1200001
1200002001,مرکزی,مرکزی,120,1200002
1200003001,بسطام,بسطام,120,1200003
1200003002,بیارجمند,بیارجمند,120,1200003
1200003003,مرکزی,مرکزی,120,1200003
1200004001,ایوانکی,ایوانکی,120,1200004
1200004002,مرکزی,مرکزی,120,1200004
1200005001,شهمیرزاد,شهمیرزاد,120,1200005
1200005002,مرکزی,مرکزی,120,1200005
1200006001,مرکزی,مرکزی,120,1200006
1200006002,کهن آباد,کهن-آباد,120,1200006
1200007001,مرکزی,مرکزی,120,1200007
1200007002,کالپوش,کالپوش,120,1200007
1200008001,سرخه,سرخه,120,1200008
1210001001,خرانق,خرانق,121,1210001
1210001002,مرکزی,مرکزی,121,1210001
1210001003,عقدا,عقدا,121,1210001
1210002002,مرکزی,مرکزی,121,1210002
1210003002,مرکزی,مرکزی,121,1210003
1210003003,نیر,نیر,121,1210003
1210003004,گاریزات,گاریزات,121,1210003
1210004001,مرکزی,مرکزی,121,1210004
1210005003,مرکزی,مرکزی,121,1210005
1210005005,اکرم آباد,اکرم-آباد,121,1210005
1210006001,مرکزی,مرکزی,121,1210006
1210006002,ندوشن,ندوشن,121,1210006
1210006003,بفروییه,بفروییه,121,1210006
1210007001,بهمن,بهمن,121,1210007
1210007002,مرکزی,مرکزی,121,1210007
1210008001,خضرآباد,خضرآباد,121,1210008
1210008002,مرکزی,مرکزی,121,1210008
1210009001,مرکزی,مرکزی,121,1210009
1210009003,چاهک,چاهک,121,1210009
1220001001,تنب,تنب,122,1220001
1220001002,مرکزی,مرکزی,122,1220001
1220002003,فین,فین,122,1220002
1220002004,مرکزی,مرکزی,122,1220002
1220002005,تخت,تخت,122,1220002
1220002006,قلعه قاضی,قلعه-قاضی,122,1220002
1220002007,هرمز,هرمز,122,1220002
1220002008,شمیل,شمیل,122,1220002
1220003002,شیبکوه,شیبکوه,122,1220003
1220003003,کیش,کیش,122,1220003
1220003005,مرکزی,مرکزی,122,1220003
1220003006,مهران,مهران,122,1220003
1220004001,شهاب,شهاب,122,1220004
1220004002,مرکزی,مرکزی,122,1220004
1220004004,حرا,حرا,122,1220004
1220005002,سندرک,سندرک,122,1220005
1220005003,مرکزی,مرکزی,122,1220005
1220005004,توکهور,توکهور,122,1220005
1220005005,بند زرک,بند-زرک,122,1220005
1220005006,تیاب,تیاب,122,1220005
1220005007,کریان,کریان,122,1220005
1220006002,مرکزی,مرکزی,122,1220006
1220006003,لیردف,لیردف,122,1220006
1220007001,رودخانه,رودخانه,122,1220007
1220007002,مرکزی,مرکزی,122,1220007
1220007003,جغین,جغین,122,1220007
1220007004,بیکاه,بیکاه,122,1220007
1220008001,فارغان,فارغان,122,1220008
1220008002,مرکزی,مرکزی,122,1220008
1220008003,احمدی,احمدی,122,1220008
1220009001,جناح,جناح,122,1220009
1220009002,مرکزی,مرکزی,122,1220009
1220009003,کوخرد هرنگ,کوخرد-هرنگ,122,1220009
1230001001,کن,کن,123,1230001
1230001002,مرکزی,مرکزی,123,1230001
1230001003,آفتاب,آفتاب,123,1230001
1230002002,مرکزی,مرکزی,123,1230002
1230002003,رودهن,رودهن,123,1230002
1230003002,فشاپویه,فشاپویه,123,1230003
1230003003,کهریزک,کهریزک,123,1230003
1230003004,مرکزی,مرکزی,123,1230003
1230003005,خاوران,خاوران,123,1230003
1230003006,قلعه نو,قلعه-نو,123,1230003
1230004001,رودبارقصران,رودبارقصران,123,1230004
1230004002,لواسانات,لواسانات,123,1230004
1230006002,جوادآباد,جوادآباد,123,1230006
1230006003,مرکزی,مرکزی,123,1230006
1230009002,مرکزی,مرکزی,123,1230009
1230009003,جوقین,جوقین,123,1230009
1240001001,مرکزی,مرکزی,124,1240001
1240001004,هیر,هیر,124,1240001
1240001006,ثمرین,ثمرین,124,1240001
1240002001,مرکزی,مرکزی,124,1240002
1240002002,قشلاق دشت,قشلاق-دشت,124,1240002
1240003001,خورش رستم,خورش-رستم,124,1240003
1240003003,شاهرود,شاهرود,124,1240003
1240003004,مرکزی,مرکزی,124,1240003
1240004001,ارشق,ارشق,124,1240004
1240004002,مرکزی,مرکزی,124,1240004
1240004003,مشکین شرقی,مشکین-شرقی,124,1240004
1240004004,مرادلو,مرادلو,124,1240004
1240004005,قصابه,قصابه,124,1240004
1240005004,مرکزی,مرکزی,124,1240005
1240005005,موران,موران,124,1240005
1240006001,مرکزی,مرکزی,124,1240006
1240006003,تازه کند,تازه-کند,124,1240006
1240006004,اسلام آباد,اسلام-آباد,124,1240006
1240007001,مرکزی,مرکزی,124,1240007
1240007002,فیروز,فیروز,124,1240007
1240008001,ویلکیج,ویلکیج,124,1240008
1240008002,مرکزی,مرکزی,124,1240008
1240008003,عنبران,عنبران,124,1240008
1240009001,مرکزی,مرکزی,124,1240009
1240009002,کوراییم,کوراییم,124,1240009
1250001002,خلجستان,خلجستان,125,1250001
1250001003,مرکزی,مرکزی,125,1250001
1250001005,سلفچگان,سلفچگان,125,1250001
1250002001,مرکزی,مرکزی,125,1250002
1250002002,قاهان,قاهان,125,1250002
1250003001,مرکزی,مرکزی,125,1250003
1250003002,فردو,فردو,125,1250003
1260001002,رامند,رامند,126,1260001
1260001003,شال,شال,126,1260001
1260001004,مرکزی,مرکزی,126,1260001
1260001006,دشتابی,دشتابی,126,1260001
1260002001,اسفرورین,اسفرورین,126,1260002
1260002002,خرمدشت,خرمدشت,126,1260002
1260002003,ضیاءآباد,ضیاءآباد,126,1260002
1260002004,مرکزی,مرکزی,126,1260002
1260003002,رودبارالموت شرقی,رودبارالموت-شرقی,126,1260003
1260003003,رودبارالموت غربی,رودبارالموت-غربی,126,1260003
1260003004,طارم سفلی,طارم-سفلی,126,1260003
1260003005,مرکزی,مرکزی,126,1260003
1260003007,کوهین,کوهین,126,1260003
1260004001,بشاریات,بشاریات,126,1260004
1260004002,مرکزی,مرکزی,126,1260004
1260005001,محمدیه,محمدیه,126,1260005
1260005002,مرکزی,مرکزی,126,1260005
1260006001,مرکزی,مرکزی,126,1260006
1260006002,آبگرم,آبگرم,126,1260006
1270001001,مرکزی,مرکزی,127,1270001
1270001002,نوکنده,نوکنده,127,1270001
1270002002,مرکزی,مرکزی,127,1270002
1270002003,سیجوال,سیجوال,127,1270002
1270003001,مرکزی,مرکزی,127,1270003
1270003002,کمالان,کمالان,127,1270003
1270004001,مرکزی,مرکزی,127,1270004
1270005002,مرکزی,مرکزی,127,1270005
1270005003,بهاران,بهاران,127,1270005
1270006002,داشلی برون,داشلی-برون,127,1270006
1270006004,مرکزی,مرکزی,127,1270006
1270007004,مرکزی,مرکزی,127,1270007
1270007005,کوهسارات,کوهسارات,127,1270007
1270008001,وشمگیر,وشمگیر,127,1270008
1270008002,مرکزی,مرکزی,127,1270008
1270009002,مرکزی,مرکزی,127,1270009
1270009003,پیشکمر,پیشکمر,127,1270009
1280001002,مرکزی,مرکزی,128,1280001
1280001003,زرق آباد,زرق-آباد,128,1280001
1280002004,مرکزی,مرکزی,128,1280002
1280002005,گرمخان,گرمخان,128,1280002
1280003001,جلگه سنخواست,جلگه-سنخواست,128,1280003
1280003002,جلگه شوقان,جلگه-شوقان,128,1280003
1280003003,مرکزی,مرکزی,128,1280003
1280004001,سرحد,سرحد,128,1280004
1280004002,مرکزی,مرکزی,128,1280004
1280004003,قوشخانه,قوشخانه,128,1280004
1280005001,خبوشان,خبوشان,128,1280005
1280005002,مرکزی,مرکزی,128,1280005
1280006001,سملقان,سملقان,128,1280006
1280006003,مرکزی,مرکزی,128,1280006
1280007001,مرکزی,مرکزی,128,1280007
1280008001,مرکزی,مرکزی,128,1280008
1280008002,غلامان,غلامان,128,1280008
1280008003,جرگلان,جرگلان,128,1280008
1280009001,مرکزی,مرکزی,128,1280009
1280009002,بام,بام,128,1280009
1290001004,مرکزی,مرکزی,129,1290001
1290002001,قهستان,قهستان,129,1290002
1290002002,گزیک,گزیک,129,1290002
1290002003,مرکزی,مرکزی,129,1290002
1290002004,میاندشت,میاندشت,129,1290002
1290003001,مرکزی,مرکزی,129,1290003
1290003002,مود,مود,129,1290003
1290003003,درح,درح,129,1290003
1290004002,مرکزی,مرکزی,129,1290004
1290004003,نیمبلوک,نیمبلوک,129,1290004
1290004005,سده,سده,129,1290004
1290005001,شوسف,شوسف,129,1290005
1290005002,مرکزی,مرکزی,129,1290005
1290005003,سرداران,سرداران,129,1290005
1290006001,آیسک,آیسک,129,1290006
1290006002,سه قلعه,سه-قلعه,129,1290006
1290007003,اسلامیه,اسلامیه,129,1290007
1290007004,مرکزی,مرکزی,129,1290007
1290008001,مرکزی,مرکزی,129,1290008
1290008002,ارسک,ارسک,129,1290008
1290009001,مرکزی,مرکزی,129,1290009
1290009002,زهان,زهان,129,1290009
1290009003,شاسکوه,شاسکوه,129,1290009
1300001001,مرکزی,مرکزی,130,1300001
1300001003,آسارا,آسارا,130,1300001
1300002001,مرکزی,مرکزی,130,1300002
1300002003,چندار,چندار,130,1300002
1300003001,مرکزی,مرکزی,130,1300003
1300003002,تنکمان,تنکمان,130,1300003
1300004001,مرکزی,مرکزی,130,1300004
1300004002,بالا طالقان,بالا-طالقان,130,1300004
1300005001,مرکزی,مرکزی,130,1300005
1300005002,پلنگ آباد,پلنگ-آباد,130,1300005
1300006001,مرکزی,مرکزی,130,1300006
1300006002,مشکین دشت,مشکین-دشت,130,1300006
1300007001,مرکزی,مرکزی,130,1300007
1300007002,بخش رامجین,بخش-رامجین,130,1300007
10000012002,مرکزی,مرکزی,100,10000012
10000010001,خرقان,خرقان,100,10000010
10000010002,مرکزی,مرکزی,100,10000010
10000010003,زوایه,زوایه,100,10000010
10000011001,مرکزی,مرکزی,100,10000011
10000011002,میلاجرد,میلاجرد,100,10000011
10000012001,قره چای,قره-چای,100,10000012
10000013001,مرکزی,مرکزی,100,10000013
10000013002,خنجین,خنجین,100,10000013
10100010001,مرکزی,مرکزی,101,10100010
10100010002,اطاقور,اطاقور,101,10100010
10100010003,کومله,کومله,101,10100010
10100011002,مرکزی,مرکزی,101,10100011
10100011004,رودبنه,رودبنه,101,10100011
10100012001,احمد سرگوراب,احمد-سرگوراب,101,10100012
10100012002,مرکزی,مرکزی,101,10100012
10100013001,رانکوه,رانکوه,101,10100013
10100013002,مرکزی,مرکزی,101,10100013
10100014001,پره سر,پره-سر,101,10100014
10100014002,مرکزی,مرکزی,101,10100014
10100015001,دیلمان,دیلمان,101,10100015
10100015002,مرکزی,مرکزی,101,10100015
10100016001,شاندرمن,شاندرمن,101,10100016
10100016002,مرکزی,مرکزی,101,10100016
10100017001,مرکزی,مرکزی,101,10100017
10100017002,چوکام,چوکام,101,10100017
10200014002,چمستان,چمستان,102,10200014
10200010002,مرکزی,مرکزی,102,10200010
10200014001,بلده,بلده,102,10200014
10200016004,رودبست,رودبست,102,10200016
10200014003,مرکزی,مرکزی,102,10200014
10200015002,کجور,کجور,102,10200015
10200015004,مرکزی,مرکزی,102,10200015
10200016002,مرکزی,مرکزی,102,10200016
10200016003,بهنمیر,بهنمیر,102,10200016
10200018001,سرخرود,سرخرود,102,10200018
10200018002,مرکزی,مرکزی,102,10200018
10200019001,مرکزی,مرکزی,102,10200019
10200022002,مرکزی,مرکزی,102,10200022
10200019002,هزارجریب,هزارجریب,102,10200019
10200020002,مرکزی,مرکزی,102,10200020
10200020003,مرزن آباد,مرزن-آباد,102,10200020
10200021001,گیل خوران,گیل-خوران,102,10200021
10200021002,مرکزی,مرکزی,102,10200021
10200021003,لاریم,لاریم,102,10200021
10200022001,کلباد,کلباد,102,10200022
10200023001,دهفری,دهفری,102,10200023
10200023002,مرکزی,مرکزی,102,10200023
10200024001,مرکزی,مرکزی,102,10200024
10200024002,سلمانشهر,سلمانشهر,102,10200024
10200024003,کلار,کلار,102,10200024
10200025001,مرکزی,مرکزی,102,10200025
10200025002,گهرباران,گهرباران,102,10200025
10200026001,مرکزی,مرکزی,102,10200026
10200026002,تالارپی,تالارپی,102,10200026
10200027001,مرکزی,مرکزی,102,10200027
10200027002,نارنجستان,نارنجستان,102,10200027
10200028001,مرکزی,مرکزی,102,10200028
10300010001,ترکمانچای,ترکمانچای,103,10300010
10300010002,کاغذکنان,کاغذکنان,103,10300010
10300010003,کندوان,کندوان,103,10300010
10300010004,مرکزی,مرکزی,103,10300010
10300011002,مرکزی,مرکزی,103,10300011
10300011003,نظرکهریزی,نظرکهریزی,103,10300011
10300012001,مرکزی,مرکزی,103,10300012
10300013001,تیکمه داش,تیکمه-داش,103,10300013
10300013002,مرکزی,مرکزی,103,10300013
10300015003,آبش احمد,آبش-احمد,103,10300015
10300014001,صوفیان,صوفیان,103,10300014
10300014002,مرکزی,مرکزی,103,10300014
10300014003,تسوج,تسوج,103,10300014
10300015002,مرکزی,مرکزی,103,10300015
10300016001,خواجه,خواجه,103,10300016
10300016002,مرکزی,مرکزی,103,10300016
10300019001,سیه رود,سیه-رود,103,10300019
10300019002,مرکزی,مرکزی,103,10300019
10300021001,گوگان,گوگان,103,10300021
10300020002,مرکزی,مرکزی,103,10300020
10300020003,آق منار,آق-منار,103,10300020
10300021002,ممقان,ممقان,103,10300021
10300021003,حومه,حومه,103,10300021
10300022002,مرکزی,مرکزی,103,10300022
10300023001,شادیان,شادیان,103,10300023
10300022001,ایلخچی,ایلخچی,103,10300022
10300023002,مرکزی,مرکزی,103,10300023
10300024001,خاروانا,خاروانا,103,10300024
10300026001,مرکزی,مرکزی,103,10300026
10300024002,مرکزی,مرکزی,103,10300024
10300025001,قلعه چای,قلعه-چای,103,10300025
10300025002,مرکزی,مرکزی,103,10300025
10300026002,گرمادوز,گرمادوز,103,10300026
10300027001,مرکزی,مرکزی,103,10300027
10300026003,منجوان,منجوان,103,10300026
10300027002,چهاردانگه,چهاردانگه,103,10300027
10300028001,مرکزی,مرکزی,103,10300028
10300028002,شیرین کند,شیرین-کند,103,10300028
10400010001,سیمینه,سیمینه,104,10400010
10400010002,مرکزی,مرکزی,104,10400010
10400011001,مرکزی,مرکزی,104,10400011
10400015002,مرکزی,مرکزی,104,10400015
10400011002,کشاورز,کشاورز,104,10400011
10400012001,مرکزی,مرکزی,104,10400012
10400012002,تخت سلیمان,تخت-سلیمان,104,10400012
10400013001,مرکزی,مرکزی,104,10400013
10400013002,نالوس,نالوس,104,10400013
10400014001,دشتک,دشتک,104,10400014
10400014002,مرکزی,مرکزی,104,10400014
10400015001,ارس,ارس,104,10400015
10400016001,حاجیلار,حاجیلار,104,10400016
10400016002,مرکزی,مرکزی,104,10400016
10400017001,قره قویون,قره-قویون,104,10400017
10400017002,مرکزی,مرکزی,104,10400017
10400018001,مرکزی,مرکزی,104,10400018
10400018002,فیروزآباد,فیروزآباد,104,10400018
10400019001,مرکزی,مرکزی,104,10400019
10400019002,نختالو,نختالو,104,10400019
10400020001,مرکزی,مرکزی,104,10400020
10400020002,زاب,زاب,104,10400020
10500010001,دینور,دینور,105,10500010
10500010002,مرکزی,مرکزی,105,10500010
10500011001,بیستون,بیستون,105,10500011
10500011002,مرکزی,مرکزی,105,10500011
10500012001,مرکزی,مرکزی,105,10500012
10500012002,ازگله,ازگله,105,10500012
10500012003,زمکان,زمکان,105,10500012
10500013001,گهواره,گهواره,105,10500013
10500013002,مرکزی,مرکزی,105,10500013
10500014001,شاهو,شاهو,105,10500014
10500014002,مرکزی,مرکزی,105,10500014
10600010002,مرکزی,مرکزی,106,10600010
10600010003,رودزرد,رودزرد,106,10600010
10600010004,سلطان آباد,سلطان-آباد,106,10600010
10600010005,ابولفارس,ابولفارس,106,10600010
10600011001,مرکزی,مرکزی,106,10600011
10600011002,خنافره,خنافره,106,10600011
10600011003,دارخوین,دارخوین,106,10600011
10600012002,مرکزی,مرکزی,106,10600012
10600012003,شعیبیه,شعیبیه,106,10600012
10600012004,میان آب,میان-آب,106,10600012
10600013003,مرکزی,مرکزی,106,10600013
10600013004,گلگیر,گلگیر,106,10600013
10600013005,عنبر,عنبر,106,10600013
10600014002,مرکزی,مرکزی,106,10600014
10600014003,فتح المبین,فتح-المبین,106,10600014
10600015002,مرکزی,مرکزی,106,10600015
10600018002,چم خلف عیسی,چم-خلف-عیسی,106,10600018
10600015004,میداود,میداود,106,10600015
10600015005,قلعه تل,قلعه-تل,106,10600015
10600016001,جایزان,جایزان,106,10600016
10600016002,مرکزی,مرکزی,106,10600016
10600017001,مرکزی,مرکزی,106,10600017
10600017002,حتی,حتی,106,10600017
10600018001,مرکزی,مرکزی,106,10600018
10600019001,مرکزی,مرکزی,106,10600019
10600019002,مشراگه,مشراگه,106,10600019
10600020001,عقیلی,عقیلی,106,10600020
10600020002,مرکزی,مرکزی,106,10600020
10600021001,آبژدان,آبژدان,106,10600021
10600021002,چلو,چلو,106,10600021
10600021003,مرکزی,مرکزی,106,10600021
10600022001,رغیوه,رغیوه,106,10600022
10600022002,مرکزی,مرکزی,106,10600022
10600023001,نیسان,نیسان,106,10600023
10600023002,مرکزی,مرکزی,106,10600023
10600024001,مرکزی,مرکزی,106,10600024
10600024002,ویس,ویس,106,10600024
10600025001,مرکزی,مرکزی,106,10600025
10600025002,گمبوعه,گمبوعه,106,10600025
10600026001,مرکزی,مرکزی,106,10600026
10600026002,جولکی,جولکی,106,10600026
10600027001,مرکزی,مرکزی,106,10600027
10600027002,سویسه,سویسه,106,10600027
10600028001,مرکزی,مرکزی,106,10600028
10600028002,شاوور,شاوور,106,10600028
10600029001,مرکزی,مرکزی,106,10600029
10600029002,قارون,قارون,106,10600029
10600030001,مرکزی,مرکزی,106,10600030
10600030002,علاء,علاء,106,10600030
10700010001,جره وبالاده,جره-وبالاده,107,10700010
10700010002,کنار تخته و کمارج,کنار-تخته-و-کمارج,107,10700010
10700010004,مرکزی,مرکزی,107,10700010
10700010006,خشت,خشت,107,10700010
10700011004,مرکزی,مرکزی,107,10700011
10700011005,بیرم,بیرم,107,10700011
10700011007,بنارویه,بنارویه,107,10700011
10700011008,صحرای باغ,صحرای-باغ,107,10700011
10700012003,کامفیروز,کامفیروز,107,10700012
10700012004,مرکزی,مرکزی,107,10700012
10700012005,درودزن,درودزن,107,10700012
10700012006,سیدان,سیدان,107,10700012
10700014003,مرکزی,مرکزی,107,10700014
10700012007,کامفیروز شمالی,کامفیروز-شمالی,107,10700012
10700013002,ماهورمیلانی,ماهورمیلانی,107,10700013
10700013003,مرکزی,مرکزی,107,10700013
10700013005,دشمن زیاری,دشمن-زیاری,107,10700013
10700013006,جوزار,جوزار,107,10700013
10700014002,پشتکوه,پشتکوه,107,10700014
10700014004,قطرویه,قطرویه,107,10700014
10700015001,مرکزی,مرکزی,107,10700015
10700015003,اشکنان,اشکنان,107,10700015
10700015004,علامرودشت,علامرودشت,107,10700015
10700015005,چاه ورز,چاه-ورز,107,10700015
10700015006,خیرگو,خیرگو,107,10700015
10700016002,مرکزی,مرکزی,107,10700016
10700016003,مزایجان,مزایجان,107,10700016
10700017001,مرکزی,مرکزی,107,10700017
10700018001,مشهدمرغاب,مشهدمرغاب,107,10700018
10700018002,مرکزی,مرکزی,107,10700018
10700019001,ایزدخواست,ایزدخواست,107,10700019
10700019002,مرکزی,مرکزی,107,10700019
10700020001,افزر,افزر,107,10700020
10700020002,مرکزی,مرکزی,107,10700020
10700021001,گله دار,گله-دار,107,10700021
10700021002,مرکزی,مرکزی,107,10700021
10700021003,وراوی,وراوی,107,10700021
10700021004,اسیر,اسیر,107,10700021
10700022001,مرکزی,مرکزی,107,10700022
10700022002,دهرم,دهرم,107,10700022
10700023001,مرکزی,مرکزی,107,10700023
10700023002,پاسارگاد,پاسارگاد,107,10700023
10700024001,محمله,محمله,107,10700024
10700024002,مرکزی,مرکزی,107,10700024
10700029001,کربال,کربال,107,10700029
10700029002,مرکزی,مرکزی,107,10700029
10700025001,کوهنجان,کوهنجان,107,10700025
10700025002,مرکزی,مرکزی,107,10700025
10700026001,سورنا,سورنا,107,10700026
10700026002,مرکزی,مرکزی,107,10700026
10700027001,مرکزی,مرکزی,107,10700027
10700027002,ارد,ارد,107,10700027
10700028001,مرکزی,مرکزی,107,10700028
10700028002,طسوج,طسوج,107,10700028
10700030001,مرکزی,مرکزی,107,10700030
10700030002,رحمت آباد,رحمت-آباد,107,10700030
10700031001,مرکزی,مرکزی,107,10700031
10700031002,بانش,بانش,107,10700031
10700032001,مرکزی,مرکزی,107,10700032
10700032002,باغ صفا,باغ-صفا,107,10700032
10700032003,توجردی,توجردی,107,10700032
10700033001,مرکزی,مرکزی,107,10700033
10700033002,کوهمره,کوهمره,107,10700033
10700034001,مرکزی,مرکزی,107,10700034
10700034002,راهگان,راهگان,107,10700034
10700035001,مرکزی,مرکزی,107,10700035
10700035002,حناء,حناء,107,10700035
10700036001,مرکزی,مرکزی,107,10700036
10700036002,بیدشهر,بیدشهر,107,10700036
10700037001,مرکزی,مرکزی,107,10700037
10700037002,هرم,هرم,107,10700037
10800010001,مرکزی,مرکزی,108,10800010
10800010002,لاله زار,لاله-زار,108,10800010
10800010003,گلزار,گلزار,108,10800010
10800010004,نگار,نگار,108,10800010
10800011001,کوهساران,کوهساران,108,10800011
10800011002,مرکزی,مرکزی,108,10800011
10800012001,مرکزی,مرکزی,108,10800012
10800012003,جبالبارزجنوبی,جبالبارزجنوبی,108,10800012
10800013001,مرکزی,مرکزی,108,10800013
10800013002,آسمینون,آسمینون,108,10800013
10800014001,طغرل الجرد,طغرل-الجرد,108,10800014
10800014002,مرکزی,مرکزی,108,10800014
10800015002,مرکزی,مرکزی,108,10800015
10800015003,هلیل دشت,هلیل-دشت,108,10800015
10800016001,چاه دادخدا,چاه-دادخدا,108,10800016
10800016002,مرکزی,مرکزی,108,10800016
10800016003,سرخ قلعه,سرخ-قلعه,108,10800016
10800017002,مرکزی,مرکزی,108,10800017
10800017003,رحمت آباد,رحمت-آباد,108,10800017
10800018001,مرکزی,مرکزی,108,10800018
10800018002,هنزا,هنزا,108,10800018
10800019001,مرکزی,مرکزی,108,10800019
10800019002,نگین کویر,نگین-کویر,108,10800019
10800020001,انار,انار,108,10800020
10800021001,مرکزی,مرکزی,108,10800021
10800021002,روداب,روداب,108,10800021
10800022001,مرکزی,مرکزی,108,10800022
10800022002,حور,حور,108,10800022
10800023001,مرکزی,مرکزی,108,10800023
10800023002,صوغان,صوغان,108,10800023
10800024001,مرکزی,مرکزی,108,10800024
10800024002,ناصریه,ناصریه,108,10800024
10800025001,مرکزی,مرکزی,108,10800025
10800025002,چاه حسن,چاه-حسن,108,10800025
10900013003,مرکزی,مرکزی,109,10900013
10900013001,باجگیران,باجگیران,109,10900013
10900013004,آبکوه,آبکوه,109,10900013
10900013005,قوچان عتیق,قوچان-عتیق,109,10900013
10900014004,مرکزی,مرکزی,109,10900014
10900014005,فرح دشت,فرح-دشت,109,10900014
10900015002,مرکزی,مرکزی,109,10900015
10900015003,کاخک,کاخک,109,10900015
10900016001,احمدآباد,احمدآباد,109,10900016
10900016005,مرکزی,مرکزی,109,10900016
10900016006,رضویه,رضویه,109,10900016
10900017003,سرولایت,سرولایت,109,10900017
10900017004,مرکزی,مرکزی,109,10900017
10900018002,مرکزی,مرکزی,109,10900018
10900023001,انابد,انابد,109,10900023
10900018003,رادکان,رادکان,109,10900018
10900018004,سید آباد,سید-آباد,109,10900018
10900019001,سنگان,سنگان,109,10900019
10900019002,مرکزی,مرکزی,109,10900019
10900019003,جلگه زوزن,جلگه-زوزن,109,10900019
10900019004,سلامی,سلامی,109,10900019
10900020001,مرزداران,مرزداران,109,10900020
10900020002,مرکزی,مرکزی,109,10900020
10900022001,قلندر آباد,قلندر-آباد,109,10900022
10900022002,مرکزی,مرکزی,109,10900022
10900023002,مرکزی,مرکزی,109,10900023
10900023003,شهرآباد,شهرآباد,109,10900023
10900027001,جنگل,جنگل,109,10900027
10900027002,مرکزی,مرکزی,109,10900027
10900028001,زاوین,زاوین,109,10900028
10900028002,مرکزی,مرکزی,109,10900028
10900028003,هزار مسجد,هزار-مسجد,109,10900028
10900029001,ششطراز,ششطراز,109,10900029
10900029002,مرکزی,مرکزی,109,10900029
10900030001,شادمهر,شادمهر,109,10900030
10900030002,مرکزی,مرکزی,109,10900030
10900031001,مرکزی,مرکزی,109,10900031
10900031002,یونسی,یونسی,109,10900031
10900032001,طرقبه,طرقبه,109,10900032
10900032002,شاندیز,شاندیز,109,10900032
10900033002,طاغنکوه,طاغنکوه,109,10900033
10900033001,مرکزی,مرکزی,109,10900033
10900034001,مرکزی,مرکزی,109,10900034
10900034002,هلالی,هلالی,109,10900034
10900035001,مرکزی,مرکزی,109,10900035
10900035002,سلیمان,سلیمان,109,10900035
10900036001,مرکزی,مرکزی,109,10900036
10900038003,نوده انقلاب,نوده-انقلاب,109,10900038
10900036002,عطاملک,عطاملک,109,10900036
10900037001,مرکزی,مرکزی,109,10900037
10900037002,بالا ولایت,بالا-ولایت,109,10900037
10900038001,مرکزی,مرکزی,109,10900038
10900038002,مشکان,مشکان,109,10900038
10900039001,مرکزی,مرکزی,109,10900039
10900039002,باشتین,باشتین,109,10900039
10900040001,مرکزی,مرکزی,109,10900040
10900040002,جنت آباد,جنت-آباد,109,10900040
10900041001,مرکزی,مرکزی,109,10900041
10900041002,بررود,بررود,109,10900041
10900042001,مرکزی,مرکزی,109,10900042
10900042002,اسحاق آباد,اسحاق-آباد,109,10900042
10900044002,گلمکان,گلمکان,109,10900044
10900043001,مرکزی,مرکزی,109,10900043
10900043002,شامکان,شامکان,109,10900043
10900044001,مرکزی,مرکزی,109,10900044
10900045001,مرکزی,مرکزی,109,10900045
10900045002,بلهرات,بلهرات,109,10900045
11000010002,قمصر,قمصر,110,11000010
11000010003,مرکزی,مرکزی,110,11000010
11000010004,نیاسر,نیاسر,110,11000010
11000010005,برزک,برزک,110,11000010
11000011001,مرکزی,مرکزی,110,11000011
11000012001,باغ بهادران,باغ-بهادران,110,11000012
11000012003,مرکزی,مرکزی,110,11000012
11000013001,انارک,انارک,110,11000013
11000013003,مرکزی,مرکزی,110,11000013
11000014002,مرکزی,مرکزی,110,11000014
11000014003,مهردشت,مهردشت,110,11000014
11000015001,مرکزی,مرکزی,110,11000015
11000015002,امام زاده,امام-زاده,110,11000015
11000016002,میمه,میمه,110,11000016
11000016003,مرکزی,مرکزی,110,11000016
11000017001,مرکزی,مرکزی,110,11000017
11000017002,گرکن جنوبی,گرکن-جنوبی,110,11000017
11000018001,کویرات,کویرات,110,11000018
11000018002,مرکزی,مرکزی,110,11000018
11000019001,کرون,کرون,110,11000019
11000019002,مرکزی,مرکزی,110,11000019
11000020001,چنارود,چنارود,110,11000020
11000020002,مرکزی,مرکزی,110,11000020
11000021001,مرکزی,مرکزی,110,11000021
11000022001,حبیب آباد,حبیب-آباد,110,11000022
11000022002,مرکزی,مرکزی,110,11000022
11000023001,مرکزی,مرکزی,110,11000023
11000024001,مرکزی,مرکزی,110,11000024
11000024002,کرچمبو,کرچمبو,110,11000024
11000025001,تودشک,تودشک,110,11000025
11000025002,سیستان,سیستان,110,11000025
11000026001,مرکزی,مرکزی,110,11000026
11000026002,جرقویه علیا,جرقویه-علیا,110,11000026
11000027001,مرکزی,مرکزی,110,11000027
11000027002,رودشت,رودشت,110,11000027
11000028001,مرکزی,مرکزی,110,11000028
11000028002,اژیه,اژیه,110,11000028
11100010001,جزینک,جزینک,111,11100010
11100010002,مرکزی,مرکزی,111,11100010
11100010003,خمک,خمک,111,11100010
11100011001,مرکزی,مرکزی,111,11100011
11100011002,قرقری,قرقری,111,11100011
11100012001,مرکزی,مرکزی,111,11100012
11100012002,جلگه چاه هاشم,جلگه-چاه-هاشم,111,11100012
11100013001,مرکزی,مرکزی,111,11100013
11100013002,آشار,آشار,111,11100013
11100013003,بیرک,بیرک,111,11100013
11100014001,مرکزی,مرکزی,111,11100014
11100014002,هیدوچ,هیدوچ,111,11100014
11100014003,پسکوه,پسکوه,111,11100014
11100015001,مرکزی,مرکزی,111,11100015
11100015002,صابری,صابری,111,11100015
11100015003,سفیدابه,سفیدابه,111,11100015
11100016001,مرکزی,مرکزی,111,11100016
11100016002,تیمورآباد,تیمورآباد,111,11100016
11100017001,مرکزی,مرکزی,111,11100017
11100017002,لادیز,لادیز,111,11100017
11100017003,ریگ ملک,ریگ-ملک,111,11100017
11100018001,مرکزی,مرکزی,111,11100018
11100018002,ساربوک,ساربوک,111,11100018
11100018003,تلنگ,تلنگ,111,11100018
11100019001,مرکزی,مرکزی,111,11100019
11100019002,گتیج,گتیج,111,11100019
11100020001,مرکزی,مرکزی,111,11100020
11100020002,کلاتان,کلاتان,111,11100020
11100021001,مرکزی,مرکزی,111,11100021
11100021002,نازیل,نازیل,111,11100021
11100021003,گوهرکوه,گوهرکوه,111,11100021
11100022001,مرکزی,مرکزی,111,11100022
11100022002,باهوکلات,باهوکلات,111,11100022
11100023001,مرکزی,مرکزی,111,11100023
11100023002,کیشکور,کیشکور,111,11100023
11100023003,مینان,مینان,111,11100023
11100023004,نسکند,نسکند,111,11100023
11100024001,مرکزی,مرکزی,111,11100024
11100024002,کله گان,کله-گان,111,11100024
11100025001,مرکزی,مرکزی,111,11100025
11100025002,پیپ,پیپ,111,11100025
11100026001,مرکزی,مرکزی,111,11100026
11100026002,کاروان,کاروان,111,11100026
11200010001,مرکزی,مرکزی,112,11200010
11200010002,بلبان آباد,بلبان-آباد,112,11200010
11300010001,شاهنجرین,شاهنجرین,113,11300010
11300010002,مرکزی,مرکزی,113,11300010
11400010001,مرکزی,مرکزی,114,11400010
11400010002,ارمند,ارمند,114,11400010
11400011001,مرکزی,مرکزی,114,11400011
11400011002,امامزاده حسن,امامزاده-حسن,114,11400011
11400012001,مرکزی,مرکزی,114,11400012
11400012002,دستگرد,دستگرد,114,11400012
11500010001,مرکزی,مرکزی,115,11500010
11500010002,شاهیوند,شاهیوند,115,11500010
11500010003,ویسیان,ویسیان,115,11500010
11500011001,سوری,سوری,115,11500011
11500011002,مرکزی,مرکزی,115,11500011
11500012001,مرکزی,مرکزی,115,11500012
11500012002,افرینه,افرینه,115,11500012
11600012002,بولی,بولی,116,11600012
11600010001,مرکزی,مرکزی,116,11600010
11600010002,هندمینی,هندمینی,116,11600010
11600011001,مرکزی,مرکزی,116,11600011
11600011002,جزمان,جزمان,116,11600011
11600012001,مرکزی,مرکزی,116,11600012
11800010001,مرکزی,مرکزی,118,11800010
11800010002,چاه مبارک,چاه-مبارک,118,11800010
11900010001,مرکزی,مرکزی,119,11900010
11900010002,باغ حلی,باغ-حلی,119,11900010
12100011001,آسفیج,آسفیج,121,12100011
12100011002,مرکزی,مرکزی,121,12100011
12100012001,ایثار,ایثار,121,12100012
12100012002,مرکزی,مرکزی,121,12100012
12100013001,مرکزی,مرکزی,121,12100013
12100013002,اله آباد,اله-آباد,121,12100013
12200010001,رویدر,رویدر,122,12200010
12200010002,مرکزی,مرکزی,122,12200010
12200010003,کهورستان,کهورستان,122,12200010
12200011001,کوشکنار,کوشکنار,122,12200011
12200011002,مرکزی,مرکزی,122,12200011
12200012001,بمانی,بمانی,122,12200012
12200012002,مرکزی,مرکزی,122,12200012
12200013001,مرکزی,مرکزی,122,12200013
12200013002,گوهران,گوهران,122,12200013
12200013003,گافروپارمون,گافروپارمون,122,12200013
12300017002,صفا دشت,صفا-دشت,123,12300017
12300018001,مرکزی,مرکزی,123,12300018
12300018002,جلیل آباد,جلیل-آباد,123,12300018
12300010001,چهاردانگه,چهاردانگه,123,12300010
12300010002,مرکزی,مرکزی,123,12300010
12300010003,احمد آباد مستوفی,احمد-آباد-مستوفی,123,12300010
12300012002,مرکزی,مرکزی,123,12300012
12300013001,شریف آباد,شریف-آباد,123,12300013
12300013002,مرکزی,مرکزی,123,12300013
12300014001,ارجمند,ارجمند,123,12300014
12300014002,مرکزی,مرکزی,123,12300014
12300016001,مرکزی,مرکزی,123,12300016
12300017001,مرکزی,مرکزی,123,12300017
12300019001,گلستان,گلستان,123,12300019
12300019002,بوستان,بوستان,123,12300019
12300020001,بومهن,بومهن,123,12300020
12300020002,جاجرود,جاجرود,123,12300020
12300020003,مرکزی,مرکزی,123,12300020
12300021001,مرکزی,مرکزی,123,12300021
12400010001,مرکزی,مرکزی,124,12400010
12400010002,سبلان,سبلان,124,12400010
12400011001,مرکزی,مرکزی,124,12400011
12400011002,بران,بران,124,12400011
12400012001,مرکزی,مرکزی,124,12400012
12400012002,دره رود,دره-رود,124,12400012
12700010001,چشمه ساران,چشمه-ساران,127,12700010
12700010002,مرکزی,مرکزی,127,12700010
12700011001,فندرسک,فندرسک,127,12700011
12700011002,مرکزی,مرکزی,127,12700011
12700012001,مرکزی,مرکزی,127,12700012
12700012002,گلی داغ,گلی-داغ,127,12700012
12700013001,مرکزی,مرکزی,127,12700013
12700013002,گلدشت,گلدشت,127,12700013
12700014001,مرکزی,مرکزی,127,12700014
12700014002,لوه,لوه,127,12700014
12800010001,مرکزی,مرکزی,128,12800010
12800010002,شیرین سو,شیرین-سو,128,12800010
12900010001,مرکزی,مرکزی,129,12900010
12900010002,جلگه ماژان,جلگه-ماژان,129,12900010
12900011001,دستگردان,دستگردان,129,12900011
12900011002,مرکزی,مرکزی,129,12900011
12900011003,دیهوک,دیهوک,129,12900011
